Date,daily_mean_sentiment,news_volume
2010-01-05,0.12726666666666667,3
2010-01-06,-0.5423,1
2010-01-07,0.0,1
2010-01-11,-0.1779,1
2010-01-13,-0.20095,2
2010-01-14,0.0,1
2010-01-20,0.4019,1
2010-01-28,0.23835,2
2010-02-02,0.0,1
2010-02-04,0.0,1
2010-02-05,0.516,1
2010-02-08,0.3715,2
2010-02-12,0.0,1
2010-02-18,-0.4588,1
2010-02-23,0.5106,1
2010-02-26,0.0,2
2010-03-01,-0.4019,1
2010-03-02,0.0,1
2010-03-05,0.10115,2
2010-03-08,0.34,1
2010-03-09,-0.5267,1
2010-03-10,-0.4767,1
2010-03-12,-0.6249,1
2010-03-15,0.2263,1
2010-03-22,0.3612,1
2010-03-24,0.2023,1
2010-04-01,0.0,2
2010-04-05,0.2553,2
2010-04-12,0.0,1
2010-04-14,-0.050875000000000004,4
2010-04-15,0.0,1
2010-04-19,0.0,2
2010-04-22,0.23659999999999998,2
2010-04-23,0.6369,1
2010-04-28,-0.42775,2
2010-04-30,0.0,1
2010-05-04,0.0,1
2010-05-05,-0.4767,1
2010-05-06,0.0,1
2010-05-07,0.1531,1
2010-05-11,0.0,1
2010-05-12,0.17556666666666665,3
2010-05-17,-0.5423,1
2010-05-18,0.5256,1
2010-05-20,0.0,1
2010-05-25,0.0,1
2010-05-26,0.0,1
2010-06-01,0.0,3
2010-06-07,-0.10730000000000003,2
2010-06-08,0.25,1
2010-06-11,0.4487,2
2010-06-14,0.0,1
2010-06-15,0.1366,2
2010-06-21,0.10166666666666668,3
2010-06-22,0.0,1
2010-06-23,-0.3182,1
2010-06-28,0.13834999999999997,2
2010-06-29,0.0,1
2010-06-30,-0.3366,3
2010-07-06,-0.318,2
2010-07-07,0.0,1
2010-07-13,0.1796,4
2010-07-14,0.21670000000000003,2
2010-07-20,-0.7003,1
2010-07-21,0.1027,1
2010-07-26,-0.1695,1
2010-07-30,-0.40080000000000005,2
2010-08-02,0.20095,2
2010-08-04,0.3784666666666667,3
2010-08-06,0.2023,1
2010-08-09,0.7717,1
2010-08-10,0.0,1
2010-08-11,0.0,1
2010-08-17,0.2023,1
2010-08-24,0.0,1
2010-08-27,0.0,2
2010-08-30,0.0,2
2010-09-03,-0.03423333333333333,3
2010-09-07,-0.5445,2
2010-09-09,0.5106,1
2010-09-10,0.0,1
2010-09-13,-0.06514999999999999,2
2010-09-14,0.0,1
2010-09-15,0.03423333333333333,3
2010-09-17,0.1909,2
2010-09-20,-0.2732,1
2010-09-21,0.0,1
2010-09-22,-0.23835,2
2010-09-24,-0.026824999999999988,4
2010-09-27,0.0,1
2010-09-28,-0.6249,1
2010-09-29,-0.4019,1
2010-09-30,-0.0817,7
2010-10-01,-0.4019,1
2010-10-04,0.0772,1
2010-10-08,0.0,1
2010-10-12,0.0,2
2010-10-13,0.28595,2
2010-10-14,0.0,2
2010-10-19,-0.005999999999999998,4
2010-10-20,-0.3182,1
2010-10-22,0.0,1
2010-10-26,0.0,1
2010-10-29,0.0,1
2010-11-02,0.1779,1
2010-11-04,0.0258,1
2010-11-05,0.0,1
2010-11-08,-0.3592,2
2010-11-10,0.0,2
2010-11-11,0.0,1
2010-11-12,0.0,1
2010-11-15,0.15293333333333334,3
2010-11-18,0.4958,2
2010-11-22,0.0,2
2010-11-23,-0.4767,1
2010-11-24,0.2528,1
2010-11-26,-0.3818,1
2010-11-29,0.1343,2
2010-11-30,0.0,1
2010-12-02,0.0,1
2010-12-03,0.0,1
2010-12-09,0.743,1
2010-12-10,-0.16215,4
2010-12-13,0.05435000000000004,2
2010-12-14,0.6369,1
2010-12-16,-0.2732,1
2010-12-17,0.0,1
2010-12-20,0.6124,1
2010-12-22,0.0,2
2010-12-23,-0.1779,1
2010-12-30,0.6369,1
2010-12-31,-0.043559999999999995,5
2011-01-03,0.0,2
2011-01-04,0.09106666666666667,3
2011-01-05,0.0,1
2011-01-06,0.27115,2
2011-01-11,0.3818,1
2011-01-12,-0.1591,2
2011-01-13,0.2202,2
2011-01-14,0.6124,1
2011-01-18,0.6369,1
2011-01-19,0.4449,1
2011-01-20,-0.006249999999999978,2
2011-01-21,-0.026500000000000024,2
2011-01-24,0.6369,1
2011-01-26,0.0,1
2011-01-28,0.0,3
2011-01-31,0.0,1
2011-02-01,0.146,4
2011-02-02,0.0,1
2011-02-03,0.2997,2
2011-02-04,0.2997,2
2011-02-09,0.0,1
2011-02-14,0.12246666666666667,3
2011-02-15,0.0,3
2011-02-16,-0.3818,1
2011-02-18,0.0,2
2011-02-23,0.128,1
2011-02-24,0.0,1
2011-02-28,-0.12916666666666668,3
2011-03-01,0.12925,2
2011-03-04,0.3057,2
2011-03-08,0.24914999999999998,2
2011-03-09,-0.1366,2
2011-03-10,0.0,2
2011-03-11,0.0,2
2011-03-14,0.0,1
2011-03-15,0.0,1
2011-03-16,0.3454,2
2011-03-17,0.06835,2
2011-03-23,0.2732,1
2011-03-29,0.0,1
2011-03-30,0.4215,1
2011-03-31,0.0,2
2011-04-01,-0.34,1
2011-04-04,-0.0172,3
2011-04-05,0.0,2
2011-04-06,-0.5574,1
2011-04-12,0.34,1
2011-04-13,0.31845,2
2011-04-14,0.4358,2
2011-04-15,0.04930000000000001,2
2011-04-18,-0.148,2
2011-04-19,0.0,1
2011-04-20,0.37895,2
2011-04-21,-0.029233333333333333,6
2011-04-25,-0.4215,1
2011-04-26,0.10115,2
2011-04-27,0.0,1
2011-04-28,0.0,1
2011-04-29,0.099325,4
2011-05-02,0.159225,4
2011-05-03,0.21230000000000002,3
2011-05-05,0.0,1
2011-05-06,0.12040000000000001,3
2011-05-09,0.0,1
2011-05-10,0.0,3
2011-05-11,0.0,2
2011-05-12,0.0,1
2011-05-13,-0.292825,4
2011-05-16,-0.34,1
2011-05-17,0.4404,1
2011-05-18,0.29575,2
2011-05-20,0.1147,4
2011-05-23,-0.200425,4
2011-05-25,0.0,1
2011-05-26,-0.128,1
2011-05-27,0.15926666666666667,6
2011-06-01,0.05875000000000001,4
2011-06-02,0.0017749999999999988,4
2011-06-03,0.0,3
2011-06-07,0.1408333333333333,3
2011-06-08,0.1909,2
2011-06-09,0.0,1
2011-06-10,-0.31245,2
2011-06-13,0.0,2
2011-06-14,0.0,1
2011-06-15,0.0,3
2011-06-16,0.0,4
2011-06-20,0.4136,2
2011-06-21,0.21075,2
2011-06-22,0.0,2
2011-06-23,0.148,2
2011-06-24,-0.10352000000000001,5
2011-06-27,0.0,2
2011-06-29,0.03924,5
2011-06-30,-0.038525000000000004,4
2011-07-01,-0.33342499999999997,4
2011-07-05,0.0,2
2011-07-07,0.0,1
2011-07-08,0.1661,3
2011-07-12,0.0,3
2011-07-13,0.0,1
2011-07-14,0.0,2
2011-07-15,0.15293333333333334,3
2011-07-18,0.04844999999999999,2
2011-07-19,-0.10606666666666666,3
2011-07-20,0.0,3
2011-07-21,0.0,4
2011-07-22,0.0,2
2011-07-25,0.0,2
2011-07-26,0.0,1
2011-07-27,-0.6007,2
2011-07-28,-0.5423,1
2011-07-29,0.1147,4
2011-08-01,0.0,2
2011-08-02,-0.21423333333333336,3
2011-08-03,0.0,1
2011-08-04,-0.21619999999999998,3
2011-08-05,-0.5984,2
2011-08-08,-0.022966666666666677,6
2011-08-09,0.038474999999999995,4
2011-08-10,0.0,3
2011-08-11,-0.023424999999999994,4
2011-08-12,0.12055,2
2011-08-15,-0.8126,1
2011-08-16,0.4404,1
2011-08-17,-0.1909,2
2011-08-18,-0.34463333333333335,3
2011-08-22,-0.12726666666666667,3
2011-08-23,0.0,4
2011-08-24,0.0,1
2011-08-25,0.0,3
2011-08-26,0.100475,4
2011-08-29,0.0,1
2011-08-30,-0.5267666666666667,3
2011-08-31,0.0,2
2011-09-01,0.0,2
2011-09-02,0.0,2
2011-09-06,0.0,2
2011-09-07,0.005566666666666682,3
2011-09-08,0.0,2
2011-09-09,-0.1591,2
2011-09-12,0.0683,4
2011-09-13,0.2601333333333333,3
2011-09-14,0.04832499999999999,4
2011-09-15,-0.09106666666666667,3
2011-09-16,0.3183666666666667,3
2011-09-19,0.0,3
2011-09-21,-0.2997,2
2011-09-22,0.02066,5
2011-09-23,0.22812500000000002,4
2011-09-26,-0.16486666666666666,3
2011-09-27,-0.3275666666666667,3
2011-09-28,-0.43006666666666665,3
2011-09-29,0.1722,3
2011-09-30,0.12738,5
2011-10-03,0.12223999999999999,5
2011-10-04,-0.19482500000000003,4
2011-10-05,-0.18185,4
2011-10-06,0.0,1
2011-10-07,-0.1806,2
2011-10-10,-0.1796,4
2011-10-11,-0.03172000000000001,5
2011-10-12,-0.5955,2
2011-10-13,-0.17759999999999998,3
2011-10-14,0.18862,5
2011-10-17,0.0,1
2011-10-18,-0.25756666666666667,3
2011-10-19,0.042666666666666665,3
2011-10-20,0.0565,3
2011-10-21,0.19063333333333332,3
2011-10-24,0.22036666666666668,3
2011-10-25,0.3182,1
2011-10-26,0.0625,4
2011-10-27,0.0,2
2011-10-28,0.0,3
2011-10-31,-0.11315,2
2011-11-01,0.0,2
2011-11-02,0.0,2
2011-11-03,-0.12040000000000001,3
2011-11-04,0.24695,2
2011-11-07,0.0,2
2011-11-08,0.0,3
2011-11-09,-0.025739999999999996,5
2011-11-10,0.0,1
2011-11-11,0.0,2
2011-11-14,0.28665,2
2011-11-15,-0.12055,2
2011-11-17,0.119175,4
2011-11-18,0.15533999999999998,5
2011-11-21,-0.5363,2
2011-11-22,0.38935,2
2011-11-23,-0.032,4
2011-11-25,0.17,2
2011-11-28,0.2121333333333333,3
2011-11-29,0.15605,4
2011-11-30,0.0,2
2011-12-01,0.06743333333333333,3
2011-12-02,0.0,3
2011-12-05,0.025733333333333334,3
2011-12-06,-0.37076666666666663,3
2011-12-07,0.0,5
2011-12-08,0.18686,5
2011-12-09,0.0,3
2011-12-12,0.184,2
2011-12-13,0.07180000000000002,3
2011-12-14,0.12726666666666667,3
2011-12-15,0.0,2
2011-12-16,-0.2269,3
2011-12-19,0.105375,4
2011-12-20,0.0,4
2011-12-21,0.0,4
2011-12-22,0.03293999999999999,5
2011-12-23,0.3967,3
2011-12-27,-0.2006,1
2011-12-28,-0.06653333333333332,3
2011-12-30,-0.04487499999999999,4
2012-01-03,-0.119175,4
2012-01-04,0.0,1
2012-01-05,0.0,2
2012-01-06,0.0,2
2012-01-09,0.1589,3
2012-01-10,-0.27115,2
2012-01-11,0.1366,2
2012-01-12,-0.09603333333333335,3
2012-01-13,0.1366,2
2012-01-17,0.1909,2
2012-01-18,-0.25103333333333333,3
2012-01-19,-0.0869,5
2012-01-20,0.0516,1
2012-01-23,0.029625000000000012,4
2012-01-24,0.12040000000000001,3
2012-01-25,-0.3058,3
2012-01-26,0.2553,2
2012-01-27,-0.13396666666666665,3
2012-01-30,0.21075,2
2012-01-31,-0.2159333333333333,3
2012-02-01,0.0,2
2012-02-02,0.28595,2
2012-02-03,0.159,4
2012-02-06,-0.296,1
2012-02-07,-0.17,2
2012-02-08,0.0,3
2012-02-09,0.59915,2
2012-02-10,0.0,1
2012-02-13,0.18196666666666664,3
2012-02-14,0.27904999999999996,6
2012-02-15,-0.03558,5
2012-02-16,0.0,4
2012-02-17,0.0,1
2012-02-21,0.3353333333333333,3
2012-02-22,-0.23835,2
2012-02-23,0.0,1
2012-02-24,-0.0497,3
2012-02-27,0.17,2
2012-02-28,-0.11717999999999999,5
2012-02-29,0.11333333333333334,3
2012-03-01,0.0,3
2012-03-02,0.09675,4
2012-03-05,-0.1304,3
2012-03-06,-0.3477,2
2012-03-07,0.16254000000000002,5
2012-03-08,0.0,1
2012-03-09,-0.365925,4
2012-03-13,-0.013933333333333317,3
2012-03-14,-0.10606666666666666,3
2012-03-15,0.2553,2
2012-03-16,0.17020000000000002,3
2012-03-19,0.28163333333333335,3
2012-03-20,0.0,1
2012-03-21,0.23835,2
2012-03-22,0.0,1
2012-03-23,0.007266666666666681,3
2012-03-26,0.2997,2
2012-03-27,0.0,1
2012-03-28,-0.2488,5
2012-03-29,0.0,2
2012-03-30,0.06336666666666667,6
2012-04-02,0.26335,2
2012-04-03,0.17,2
2012-04-04,0.3022,4
2012-04-05,0.26335,2
2012-04-09,0.56965,2
2012-04-10,0.0,1
2012-04-11,0.23835,2
2012-04-12,-0.119175,4
2012-04-13,0.03542000000000001,5
2012-04-16,-0.5152,2
2012-04-17,0.05265000000000003,2
2012-04-18,0.0,2
2012-04-19,-0.18480000000000002,4
2012-04-20,-0.241375,4
2012-04-23,0.015333333333333329,3
2012-04-24,-0.00506,5
2012-04-25,0.2202,2
2012-04-27,0.34976,5
2012-04-30,-0.6249,1
2012-05-01,0.1909,2
2012-05-02,0.18964999999999999,4
2012-05-03,0.07543333333333334,3
2012-05-04,-0.20119999999999996,3
2012-05-07,0.17880000000000004,3
2012-05-08,-0.1806,2
2012-05-09,-0.2612,4
2012-05-10,-0.03515,4
2012-05-11,0.0,1
2012-05-14,-0.1605,5
2012-05-15,0.1922111111111111,9
2012-05-16,0.0,3
2012-05-18,0.0,1
2012-05-21,0.0,4
2012-05-22,0.0,5
2012-05-23,0.0,2
2012-05-24,0.0,1
2012-05-25,0.07253333333333335,3
2012-05-29,-0.0593,3
2012-05-31,-0.08927142857142857,7
2012-06-01,0.30396666666666666,3
2012-06-04,0.0,3
2012-06-05,-0.14049999999999999,3
2012-06-06,0.17,2
2012-06-07,0.0,2
2012-06-08,-0.13396666666666665,3
2012-06-11,0.0,2
2012-06-12,0.0,2
2012-06-13,-0.12419999999999999,3
2012-06-14,0.0,2
2012-06-15,-0.12972,5
2012-06-18,-0.011249999999999996,4
2012-06-19,0.0,2
2012-06-20,-0.09866666666666667,3
2012-06-21,-0.12040000000000001,3
2012-06-22,0.22385000000000002,4
2012-06-25,-0.1779,1
2012-06-26,-0.037783333333333335,6
2012-06-27,0.0,2
2012-06-28,0.123475,4
2012-06-29,0.0,1
2012-07-02,0.1308,4
2012-07-03,-0.07024999999999999,6
2012-07-05,0.0,4
2012-07-06,0.1554,3
2012-07-09,0.0,2
2012-07-10,0.26335,2
2012-07-12,-0.3612,1
2012-07-13,0.004900000000000002,4
2012-07-16,0.0,1
2012-07-17,0.1794375,8
2012-07-18,0.0,1
2012-07-19,0.273725,4
2012-07-20,-0.28636666666666666,3
2012-07-23,-0.8074,1
2012-07-24,-0.0353,7
2012-07-25,-0.07543333333333334,3
2012-07-27,0.19440000000000002,3
2012-07-31,-0.4767,1
2012-08-01,0.005733333333333331,3
2012-08-02,0.1025,8
2012-08-03,0.13221999999999998,5
2012-08-06,0.0,3
2012-08-07,-0.35840000000000005,3
2012-08-08,0.0,3
2012-08-09,0.0,2
2012-08-10,0.08284999999999998,2
2012-08-13,-0.0772,1
2012-08-14,0.10546000000000003,5
2012-08-15,0.08333333333333333,3
2012-08-16,0.031375,4
2012-08-17,0.0,1
2012-08-20,0.01100000000000001,4
2012-08-21,0.28353333333333336,3
2012-08-22,0.1589,3
2012-08-23,0.2202,2
2012-08-24,-0.05135,2
2012-08-27,-0.06944285714285714,7
2012-08-28,0.0,2
2012-08-29,0.0,1
2012-08-30,0.0,1
2012-08-31,-0.1373,3
2012-09-04,0.12769999999999998,5
2012-09-05,0.0,1
2012-09-07,-0.11333333333333334,3
2012-09-10,-0.17556666666666665,3
2012-09-11,-0.23343333333333335,3
2012-09-12,-0.09545,4
2012-09-13,0.13396666666666665,3
2012-09-14,0.004299999999999998,4
2012-09-17,-0.7003,1
2012-09-18,-0.24166666666666667,3
2012-09-19,-0.23835,2
2012-09-20,0.07023333333333331,3
2012-09-21,0.00645,4
2012-09-24,0.026399999999999996,3
2012-09-25,-0.024575,4
2012-09-26,-0.13216666666666668,3
2012-09-27,0.16375,4
2012-09-28,-0.04057142857142858,7
2012-10-01,0.0,3
2012-10-02,-0.1935,2
2012-10-03,0.0,2
2012-10-04,0.156225,4
2012-10-05,0.11896666666666667,3
2012-10-08,-0.4767,1
2012-10-09,-0.033014285714285725,7
2012-10-10,-0.1998,3
2012-10-11,0.06743333333333333,3
2012-10-12,0.0129,2
2012-10-15,0.03769999999999999,3
2012-10-16,0.0,1
2012-10-17,0.17435,6
2012-10-18,-0.2953333333333333,3
2012-10-19,0.0,2
2012-10-22,0.15116000000000002,5
2012-10-23,0.0,3
2012-10-24,0.11438,5
2012-10-25,0.31845,2
2012-10-26,0.34,1
2012-10-31,0.0,1
2012-11-01,-0.11333333333333334,3
2012-11-02,0.0,2
2012-11-05,0.03423333333333333,3
2012-11-06,0.6369,1
2012-11-07,-0.18538333333333332,6
2012-11-08,0.19705,4
2012-11-09,0.35015,2
2012-11-12,-0.068,5
2012-11-13,-0.4033,2
2012-11-14,0.0,4
2012-11-15,0.0,1
2012-11-16,0.32476666666666665,3
2012-11-19,0.2553,2
2012-11-20,-0.13820000000000002,3
2012-11-21,0.20903333333333338,3
2012-11-23,0.0086,3
2012-11-26,0.0,1
2012-11-27,-0.13828000000000001,5
2012-11-28,0.0,1
2012-11-29,0.11585,4
2012-11-30,0.1959,5
2012-12-03,0.2628,2
2012-12-04,0.20373999999999998,5
2012-12-05,-0.11882,5
2012-12-06,0.07224,5
2012-12-07,-0.1434,4
2012-12-10,0.4588,1
2012-12-11,-0.02054,5
2012-12-12,0.031375,4
2012-12-13,0.0,1
2012-12-14,-0.23835,2
2012-12-17,-0.4588,1
2012-12-18,0.0014666666666666532,6
2012-12-19,0.0,2
2012-12-20,-0.11067500000000001,4
2012-12-21,-0.027175000000000005,4
2012-12-24,-0.6486,1
2012-12-26,0.0,1
2012-12-27,0.5391666666666667,3
2012-12-28,-0.051233333333333325,3
2013-01-02,0.0,4
2013-01-03,0.0,2
2013-01-04,0.3818,1
2013-01-07,0.10115,2
2013-01-08,0.14049999999999999,3
2013-01-09,0.21230000000000002,3
2013-01-10,-0.14876666666666669,3
2013-01-11,0.0129,2
2013-01-14,-0.3818,1
2013-01-15,0.1101,4
2013-01-16,-0.018100000000000005,4
2013-01-17,0.09288,5
2013-01-18,0.11315,2
2013-01-22,0.119175,4
2013-01-23,-0.13695000000000002,4
2013-01-24,0.0,1
2013-01-25,-0.03356666666666667,6
2013-01-28,0.29295,2
2013-01-29,0.07585000000000001,4
2013-01-30,0.0,1
2013-01-31,0.0,3
2013-02-01,0.240125,4
2013-02-04,0.36379999999999996,3
2013-02-05,-0.5326500000000001,2
2013-02-06,0.23835,2
2013-02-07,0.09868000000000002,5
2013-02-08,0.023266666666666682,3
2013-02-11,0.0,1
2013-02-12,-0.099675,4
2013-02-13,0.29295,2
2013-02-14,0.1337,2
2013-02-15,0.09696000000000002,5
2013-02-19,0.05435000000000004,2
2013-02-20,0.09263333333333333,3
2013-02-21,0.02933333333333334,3
2013-02-22,0.20095,2
2013-02-25,-0.6249,1
2013-02-26,0.0,3
2013-02-27,0.0,2
2013-02-28,-0.12614999999999998,4
2013-03-01,0.038928571428571423,7
2013-03-04,0.14366666666666666,3
2013-03-05,0.24695,2
2013-03-06,0.0,3
2013-03-07,0.0,3
2013-03-08,0.0129,2
2013-03-11,0.0,1
2013-03-12,0.0,4
2013-03-13,-0.09866666666666667,3
2013-03-14,-0.16463333333333333,3
2013-03-15,0.3384,1
2013-03-18,0.0,3
2013-03-19,0.2668333333333333,3
2013-03-20,0.0,2
2013-03-21,0.2202,4
2013-03-22,0.09124285714285715,7
2013-03-25,0.0,2
2013-03-26,0.0,1
2013-03-28,0.034175,4
2013-04-01,0.0,4
2013-04-02,0.2553,2
2013-04-03,0.0,3
2013-04-04,0.2021,4
2013-04-05,0.0258,1
2013-04-08,0.100475,4
2013-04-09,-0.17,2
2013-04-10,0.0,4
2013-04-11,0.2294,2
2013-04-12,0.08553999999999999,5
2013-04-15,0.050575,4
2013-04-16,-0.04813333333333334,3
2013-04-17,-0.0086,3
2013-04-18,0.27985,2
2013-04-19,-0.03558,5
2013-04-22,0.0772,1
2013-04-23,-0.21166666666666667,6
2013-04-24,-0.5263,3
2013-04-25,-0.068,5
2013-04-26,0.0,4
2013-04-29,-0.08095,4
2013-04-30,0.0,2
2013-05-01,-0.13705,4
2013-05-02,0.1909,2
2013-05-03,0.3761666666666666,3
2013-05-07,0.0,2
2013-05-08,-0.148,2
2013-05-09,-0.033,3
2013-05-10,0.1591,2
2013-05-13,-0.17566666666666667,3
2013-05-14,0.0488,6
2013-05-15,0.0,1
2013-05-16,0.3825,3
2013-05-17,0.20226666666666668,3
2013-05-20,-0.068875,4
2013-05-21,0.10115,2
2013-05-22,0.050575,4
2013-05-23,0.0,2
2013-05-24,-0.1994,4
2013-05-28,0.0,4
2013-05-29,-0.016633333333333333,3
2013-05-30,-0.01538,5
2013-05-31,0.0386,2
2013-06-04,0.11956666666666667,6
2013-06-05,0.09849999999999999,4
2013-06-06,-0.05676666666666668,6
2013-06-07,0.0516,1
2013-06-10,0.0,1
2013-06-11,0.4872,3
2013-06-12,-0.14756666666666668,3
2013-06-13,0.0,3
2013-06-14,0.060125,4
2013-06-17,0.0,1
2013-06-18,0.19946666666666668,3
2013-06-19,0.2934333333333333,3
2013-06-20,0.0,4
2013-06-21,0.0,2
2013-06-24,0.09663333333333333,3
2013-06-25,0.20695000000000002,4
2013-06-26,0.100475,4
2013-06-27,0.0,2
2013-06-28,0.0086,3
2013-07-01,-0.5423,1
2013-07-02,0.0,1
2013-07-03,-0.19341999999999998,5
2013-07-05,0.0,2
2013-07-08,0.24935,2
2013-07-09,-0.1858,3
2013-07-10,0.0,4
2013-07-12,0.0,2
2013-07-15,-0.0129,2
2013-07-16,0.0,6
2013-07-17,0.25576,5
2013-07-18,-0.3753,2
2013-07-19,0.08895,2
2013-07-22,0.1072,2
2013-07-23,0.0,2
2013-07-24,0.1101,4
2013-07-26,-0.128575,4
2013-07-29,0.025733333333333334,3
2013-07-30,-0.2732,1
2013-07-31,0.0,2
2013-08-01,0.1468,3
2013-08-05,0.0,2
2013-08-06,0.1953,3
2013-08-07,0.105375,4
2013-08-08,0.09131428571428571,7
2013-08-09,-0.07064999999999999,4
2013-08-12,0.0843,5
2013-08-13,0.2202,2
2013-08-14,0.0,1
2013-08-15,-0.2994,3
2013-08-16,0.0812142857142857,7
2013-08-19,-0.13906666666666667,3
2013-08-20,0.1591,2
2013-08-21,0.09106666666666667,3
2013-08-22,-0.1998,3
2013-08-23,-0.087325,4
2013-08-26,-0.3575,2
2013-08-27,-0.1366,2
2013-08-28,0.01772499999999999,4
2013-08-29,0.161225,4
2013-08-30,0.064575,4
2013-09-03,0.01892499999999997,4
2013-09-04,0.0683,4
2013-09-05,0.21075,2
2013-09-06,0.007020000000000004,5
2013-09-10,-0.392,2
2013-09-11,0.159225,4
2013-09-12,0.0,2
2013-09-13,-0.1591,2
2013-09-16,-0.10170000000000001,2
2013-09-17,-0.08053333333333333,6
2013-09-18,0.38125000000000003,4
2013-09-19,-0.09534000000000001,5
2013-09-20,-0.025675,4
2013-09-23,-0.10671666666666667,6
2013-09-24,0.194575,4
2013-09-25,0.0,2
2013-09-26,0.0,1
2013-09-27,-0.1149,4
2013-09-30,0.11438,5
2013-10-01,-0.06004999999999999,2
2013-10-02,0.0,2
2013-10-03,-0.296,1
2013-10-04,0.4661857142857143,7
2013-10-07,0.06743333333333333,3
2013-10-08,0.1531,1
2013-10-09,-0.05129999999999999,3
2013-10-10,0.08465999999999999,5
2013-10-11,0.20911666666666665,6
2013-10-14,-0.5719,1
2013-10-15,0.13770000000000002,5
2013-10-16,0.12726666666666667,3
2013-10-17,-0.15898333333333334,6
2013-10-18,-0.44259999999999994,3
2013-10-22,-0.18076666666666666,3
2013-10-23,0.2622666666666667,3
2013-10-24,0.3982,2
2013-10-25,0.37174,5
2013-10-28,-0.0035333333333333328,6
2013-10-29,0.16365000000000002,4
2013-10-30,0.1147,4
2013-10-31,0.28595,2
2013-11-01,-0.148,2
2013-11-04,-0.06040000000000001,2
2013-11-05,0.0,4
2013-11-06,0.0,4
2013-11-07,0.35205,6
2013-11-08,-0.06284000000000001,5
2013-11-11,-0.09866666666666667,3
2013-11-12,0.00645,4
2013-11-13,-0.037259999999999995,5
2013-11-14,0.1528,4
2013-11-15,0.0129,2
2013-11-18,0.07955,4
2013-11-19,0.0,4
2013-11-20,0.02278,5
2013-11-21,0.0,3
2013-11-22,-0.09698333333333335,6
2013-11-25,0.3421,3
2013-11-26,-0.09534000000000001,5
2013-11-27,0.074,4
2013-12-02,0.2202,2
2013-12-03,0.0,1
2013-12-04,0.0,2
2013-12-05,0.0,1
2013-12-06,0.10725,2
2013-12-09,0.21619999999999998,3
2013-12-10,-0.3332333333333333,3
2013-12-11,0.14229999999999998,4
2013-12-12,0.20684999999999998,6
2013-12-13,0.03021666666666666,6
2013-12-16,0.31845,2
2013-12-17,0.005475000000000008,4
2013-12-18,0.0,3
2013-12-19,0.3619666666666667,3
2013-12-20,-0.29245,2
2013-12-23,0.25139999999999996,4
2013-12-24,0.0,3
2013-12-30,-0.23195000000000002,2
2013-12-31,0.16978333333333331,6
2014-01-02,-0.10484,5
2014-01-03,-0.5106,1
2014-01-06,-0.024440000000000007,5
2014-01-07,0.18035,6
2014-01-08,-0.0258,2
2014-01-09,0.13396666666666665,3
2014-01-10,0.1617,5
2014-01-13,-0.25933333333333336,3
2014-01-15,0.0,3
2014-01-16,-0.1591,2
2014-01-17,0.03771666666666667,6
2014-01-22,0.03992,5
2014-01-23,0.009625000000000009,4
2014-01-24,-0.0459,6
2014-01-27,0.0,1
2014-01-28,0.0,3
2014-01-30,0.07955,4
2014-01-31,-0.35574000000000006,5
2014-02-03,-0.09441999999999999,5
2014-02-04,-0.20095,2
2014-02-05,-0.16463333333333333,3
2014-02-06,0.06051666666666667,6
2014-02-07,0.21384999999999998,2
2014-02-11,0.11638333333333335,6
2014-02-12,0.029980000000000007,5
2014-02-13,-0.07955,4
2014-02-14,0.3243,2
2014-02-18,0.17,2
2014-02-19,0.0,2
2014-02-20,-0.06743333333333333,3
2014-02-21,0.1806,2
2014-02-24,0.0,3
2014-02-25,0.09106666666666667,3
2014-02-26,0.0,1
2014-02-27,0.0,2
2014-02-28,-0.23644285714285715,7
2014-03-03,0.07543333333333334,3
2014-03-04,-0.156225,4
2014-03-05,-0.4939,1
2014-03-06,-0.25108,5
2014-03-07,-0.2564,5
2014-03-10,-0.061419999999999995,5
2014-03-11,0.0,1
2014-03-12,-0.0386,2
2014-03-13,0.102175,4
2014-03-14,0.08794,5
2014-03-17,-0.0654,3
2014-03-18,-0.08038,5
2014-03-19,-0.25020000000000003,3
2014-03-21,0.06023333333333334,3
2014-03-24,0.0,2
2014-03-25,0.17663333333333334,3
2014-03-26,0.14785714285714285,7
2014-03-27,0.0,1
2014-03-28,-0.21906666666666666,3
2014-03-31,0.21165,6
2014-04-01,0.19585714285714287,7
2014-04-02,0.0,4
2014-04-03,-0.012833333333333344,3
2014-04-04,-0.3737333333333333,3
2014-04-07,0.148,2
2014-04-08,0.0,1
2014-04-09,0.31746666666666673,3
2014-04-10,0.0,1
2014-04-11,0.3141,2
2014-04-14,-0.17898,5
2014-04-15,-0.29992,5
2014-04-16,0.0,1
2014-04-17,0.02591666666666666,6
2014-04-21,0.0,4
2014-04-22,-0.6249,1
2014-04-23,0.2716,3
2014-04-24,0.30916666666666665,3
2014-04-25,0.14726,5
2014-04-28,0.04933333333333333,6
2014-04-29,0.0,1
2014-04-30,0.0,3
2014-05-01,0.0,1
2014-05-02,0.052519999999999976,5
2014-05-05,-0.02495,4
2014-05-06,-0.0258,1
2014-05-07,-0.009566666666666687,6
2014-05-08,0.24325999999999998,5
2014-05-09,0.2927,3
2014-05-12,0.2083,3
2014-05-13,0.14495,4
2014-05-14,0.0,4
2014-05-15,-0.0598,5
2014-05-19,-0.03865999999999999,5
2014-05-20,0.0,2
2014-05-21,0.2732,1
2014-05-22,0.08056666666666668,3
2014-05-23,-0.10645,6
2014-05-27,-0.16775,4
2014-05-28,0.02886666666666669,3
2014-05-29,-0.14834999999999998,6
2014-05-30,0.17556666666666665,3
2014-06-02,0.0038,6
2014-06-03,-0.007533333333333318,3
2014-06-04,0.4404,1
2014-06-05,0.233575,4
2014-06-06,0.08577142857142858,7
2014-06-09,0.36356666666666665,3
2014-06-10,0.22252499999999997,4
2014-06-11,0.03769999999999999,3
2014-06-12,0.13935,4
2014-06-13,0.0086,3
2014-06-16,0.050575,4
2014-06-17,0.0,2
2014-06-18,0.03516000000000004,5
2014-06-19,0.0395,5
2014-06-20,-0.010766666666666655,6
2014-06-23,-0.4088,2
2014-06-24,0.05462499999999999,4
2014-06-25,-0.025733333333333334,3
2014-06-26,0.1806,2
2014-06-27,0.0,2
2014-06-30,0.7003,1
2014-07-01,0.0951,4
2014-07-02,0.27002,5
2014-07-03,0.23349999999999999,5
2014-07-07,0.0,1
2014-07-08,-0.07224,5
2014-07-09,-0.28595,2
2014-07-10,0.1858,3
2014-07-11,-0.10205,2
2014-07-14,0.04046,5
2014-07-15,0.1071875,8
2014-07-16,-0.146475,4
2014-07-17,0.0,5
2014-07-18,0.0258,1
2014-07-21,0.026360000000000005,5
2014-07-22,0.32930000000000004,5
2014-07-23,0.0,1
2014-07-24,0.0,1
2014-07-25,0.0,2
2014-07-28,0.0,1
2014-07-29,-0.09866666666666667,3
2014-07-30,0.0,2
2014-07-31,-0.032,4
2014-08-01,-0.010859999999999991,5
2014-08-04,0.0772,1
2014-08-05,-0.02551666666666667,6
2014-08-06,-0.4404,1
2014-08-07,0.0009199999999999986,5
2014-08-08,0.03862499999999999,4
2014-08-11,0.26025,2
2014-08-12,0.0,2
2014-08-13,-0.07178,5
2014-08-14,0.0678,6
2014-08-15,-0.0812,3
2014-08-18,0.0,4
2014-08-19,-0.208,6
2014-08-20,0.1468,3
2014-08-21,0.0,2
2014-08-22,-0.1643666666666667,3
2014-08-25,0.19276666666666664,3
2014-08-26,0.0,5
2014-08-28,0.31184,5
2014-08-29,0.050575,4
2014-09-02,0.00645,4
2014-09-03,0.13396666666666665,3
2014-09-04,-0.31215,2
2014-09-05,0.0534,3
2014-09-08,0.1902,5
2014-09-09,0.1105,5
2014-09-10,-0.5423,1
2014-09-11,0.08618,5
2014-09-12,0.041,4
2014-09-15,0.0,1
2014-09-16,0.062214285714285715,7
2014-09-17,0.17822500000000002,4
2014-09-18,-0.07636,5
2014-09-19,0.0086,3
2014-09-23,0.1101,4
2014-09-24,0.0,1
2014-09-25,-0.4013,3
2014-09-26,0.16153333333333333,3
2014-09-29,0.32985,2
2014-09-30,-0.30238333333333334,6
2014-10-01,0.24080000000000001,4
2014-10-02,-0.06793333333333333,6
2014-10-03,0.03409999999999999,2
2014-10-06,0.02255,4
2014-10-07,-0.00686666666666665,3
2014-10-08,0.0,3
2014-10-09,-0.24020000000000002,5
2014-10-10,0.2672333333333334,3
2014-10-13,-0.24695,2
2014-10-14,-0.07646666666666667,6
2014-10-15,-0.0931375,8
2014-10-17,0.4019,1
2014-10-20,0.19063333333333332,3
2014-10-21,-0.074,4
2014-10-22,0.0,3
2014-10-23,-0.054542857142857136,7
2014-10-24,0.2781,2
2014-10-27,0.0,3
2014-10-28,0.03003333333333334,3
2014-10-29,0.15293333333333334,3
2014-10-30,0.3395,2
2014-10-31,0.0,1
2014-11-03,-0.18933333333333335,3
2014-11-04,0.268,2
2014-11-05,-0.100475,4
2014-11-06,0.1101,4
2014-11-07,0.28595,2
2014-11-10,0.0,4
2014-11-11,0.1858,3
2014-11-12,0.1268,3
2014-11-13,0.1318857142857143,7
2014-11-14,0.090925,4
2014-11-17,0.6369,1
2014-11-18,-0.10296666666666666,3
2014-11-19,0.296,1
2014-11-20,0.0677875,8
2014-11-21,0.0,3
2014-11-24,-0.14049999999999999,3
2014-11-25,0.2732,1
2014-11-26,0.0,3
2014-11-28,0.215225,4
2014-12-01,0.01432,5
2014-12-02,0.27973333333333333,3
2014-12-03,0.20804999999999998,6
2014-12-04,0.3034,4
2014-12-05,0.12040000000000001,3
2014-12-08,-0.48339999999999994,2
2014-12-09,0.11885,4
2014-12-10,0.12840000000000001,6
2014-12-11,0.12982,5
2014-12-12,0.0040000000000000036,3
2014-12-15,0.0,2
2014-12-16,-0.4088,2
2014-12-17,0.3754,3
2014-12-18,0.09903999999999999,5
2014-12-19,-0.224525,4
2014-12-22,0.66385,2
2014-12-23,0.14884000000000003,5
2014-12-26,0.6191333333333333,3
2014-12-29,0.0,1
2014-12-30,0.2333333333333333,3
2014-12-31,0.14105714285714285,7
2015-01-02,0.12765,4
2015-01-05,0.31845,2
2015-01-06,0.006449999999999997,4
2015-01-07,0.02933333333333334,3
2015-01-08,-0.1516,4
2015-01-09,-0.027899999999999998,3
2015-01-12,-0.5267,1
2015-01-13,-0.11074444444444444,9
2015-01-14,-0.16720000000000002,5
2015-01-15,0.021333333333333333,6
2015-01-16,0.17556666666666665,3
2015-01-20,0.08038,5
2015-01-21,0.1806,2
2015-01-22,0.0,2
2015-01-23,-0.2263,1
2015-01-26,0.0,1
2015-01-27,0.31245,2
2015-01-28,0.0,2
2015-01-29,-0.031575,4
2015-01-30,-0.0626,4
2015-02-02,-0.1366,2
2015-02-03,-0.09531666666666666,6
2015-02-04,-0.042920000000000014,5
2015-02-05,-0.024233333333333346,6
2015-02-06,0.23946,5
2015-02-09,0.6044,2
2015-02-10,0.021016666666666666,6
2015-02-11,0.20413333333333336,3
2015-02-12,0.17,2
2015-02-13,-0.03538333333333334,6
2015-02-17,0.2263,1
2015-02-18,0.32132,5
2015-02-19,0.21288,5
2015-02-20,0.3982,2
2015-02-24,0.2848,4
2015-02-25,0.060200000000000004,6
2015-02-26,0.0,2
2015-03-02,0.0,1
2015-03-03,0.4404,1
2015-03-04,0.0,3
2015-03-05,0.5859,1
2015-03-06,0.0,1
2015-03-09,-0.1909,2
2015-03-10,0.0,4
2015-03-11,0.19063333333333332,3
2015-03-12,0.31183333333333335,3
2015-03-13,-0.2094,3
2015-03-16,0.18862,5
2015-03-17,-0.2979,5
2015-03-18,-0.7003,1
2015-03-19,-0.14786666666666667,6
2015-03-23,0.12251666666666666,6
2015-03-24,0.07792500000000001,4
2015-03-25,0.27115,2
2015-03-26,-0.5243,2
2015-03-27,0.1101,4
2015-03-30,0.0,3
2015-04-01,0.341125,4
2015-04-02,-0.057974999999999985,4
2015-04-06,-0.1266,4
2015-04-07,0.0,1
2015-04-08,0.12765,4
2015-04-09,0.10322,5
2015-04-13,0.0,1
2015-04-14,0.13920000000000002,3
2015-04-15,0.18076666666666666,3
2015-04-16,-0.137175,4
2015-04-17,0.26720000000000005,3
2015-04-20,0.0,2
2015-04-21,-0.10561999999999996,5
2015-04-22,0.0,1
2015-04-23,0.0,3
2015-04-24,0.046825000000000006,8
2015-04-27,0.022499999999999992,2
2015-04-28,0.31405,4
2015-04-29,-0.028425,4
2015-04-30,-0.059199999999999996,5
2015-05-01,-0.16463333333333333,3
2015-05-04,0.31845,2
2015-05-05,0.20095,2
2015-05-06,0.027616666666666668,6
2015-05-07,0.127325,4
2015-05-08,-0.333,2
2015-05-11,0.0,2
2015-05-12,0.07655,2
2015-05-13,-0.07433333333333335,3
2015-05-14,0.0,6
2015-05-15,0.07180000000000002,3
2015-05-18,0.28596666666666665,3
2015-05-19,0.07489999999999998,3
2015-05-20,-0.09106666666666667,3
2015-05-21,-0.05303333333333333,6
2015-05-22,0.016924999999999996,4
2015-05-26,-0.09783333333333333,3
2015-05-27,0.11315,2
2015-05-28,0.0,1
2015-05-29,0.1423,2
2015-06-01,0.17508333333333334,6
2015-06-02,-0.044999999999999984,4
2015-06-03,-0.19583333333333333,3
2015-06-04,0.0386,2
2015-06-05,0.056575,4
2015-06-08,0.10115,2
2015-06-09,0.2049,5
2015-06-10,-0.0683,4
2015-06-11,-0.005925,4
2015-06-12,-0.20095,2
2015-06-15,0.1591,2
2015-06-16,-0.19773333333333332,6
2015-06-17,-0.1366,2
2015-06-18,0.12726666666666667,3
2015-06-19,0.11438,5
2015-06-22,0.0,3
2015-06-23,0.20765,4
2015-06-24,0.0947125,8
2015-06-25,0.0,3
2015-06-26,0.18853333333333333,3
2015-06-29,0.0,3
2015-06-30,0.0036000000000000107,3
2015-07-01,-0.07581666666666667,6
2015-07-02,0.3277,3
2015-07-06,0.17556666666666665,3
2015-07-07,0.0,2
2015-07-08,0.0267,2
2015-07-09,0.0,2
2015-07-10,0.03511666666666666,6
2015-07-13,-0.0413,3
2015-07-14,0.09866666666666667,3
2015-07-15,0.0,3
2015-07-16,0.2553,2
2015-07-17,0.2202,2
2015-07-20,-0.14049999999999999,3
2015-07-21,0.23835,2
2015-07-22,0.050575,4
2015-07-23,0.50935,2
2015-07-24,0.0,4
2015-07-27,0.0258,2
2015-07-28,0.2232333333333333,3
2015-07-29,0.006779999999999986,5
2015-07-30,0.02483333333333332,3
2015-07-31,0.11362000000000001,5
2015-08-03,-0.6346,2
2015-08-04,-0.3562666666666667,3
2015-08-05,0.0,5
2015-08-06,0.0,1
2015-08-07,-0.24430000000000004,3
2015-08-10,0.0,3
2015-08-11,0.17515,4
2015-08-12,0.0,4
2015-08-13,-0.09297499999999999,4
2015-08-14,0.06911999999999999,5
2015-08-17,0.3361,1
2015-08-19,0.20095,2
2015-08-20,0.008049999999999946,2
2015-08-21,-0.18076666666666666,3
2015-08-24,-0.11246249999999999,8
2015-08-25,-0.13705714285714285,7
2015-08-26,0.012759999999999983,5
2015-08-28,0.056575,4
2015-08-31,-0.14873333333333333,3
2015-09-01,-0.016366666666666665,3
2015-09-02,-0.1297,2
2015-09-03,0.0891,3
2015-09-04,0.12319999999999999,3
2015-09-08,0.34125,4
2015-09-09,-0.18876666666666667,3
2015-09-10,0.0,1
2015-09-11,0.03423333333333333,3
2015-09-14,0.4222333333333333,3
2015-09-15,0.33992,5
2015-09-16,-0.15335000000000001,2
2015-09-17,0.13396666666666665,3
2015-09-18,0.2202,2
2015-09-21,0.30448000000000003,5
2015-09-22,0.0386,2
2015-09-23,0.05865000000000001,4
2015-09-24,0.026325000000000005,4
2015-09-25,-0.20095,4
2015-09-29,0.23086666666666666,3
2015-09-30,-0.6249,1
2015-10-01,0.242325,4
2015-10-02,0.0,2
2015-10-05,-0.4939,1
2015-10-06,0.15884285714285712,7
2015-10-07,-0.0933,4
2015-10-08,0.392175,4
2015-10-09,0.0,1
2015-10-12,0.09106666666666667,3
2015-10-13,0.14236666666666667,3
2015-10-14,0.2227,6
2015-10-15,0.06743333333333333,3
2015-10-16,0.06530000000000002,4
2015-10-19,0.11626666666666667,3
2015-10-20,0.123475,4
2015-10-21,0.06186666666666666,3
2015-10-22,0.09473333333333334,3
2015-10-23,-0.01755000000000001,4
2015-10-26,0.0,4
2015-10-27,0.23842499999999997,4
2015-10-28,0.1468,3
2015-10-29,0.185775,4
2015-10-30,0.0386,2
2015-11-02,-0.2202,2
2015-11-03,-0.119175,4
2015-11-04,0.013600000000000001,4
2015-11-05,0.0,2
2015-11-06,0.0,4
2015-11-09,0.0,3
2015-11-10,0.0,2
2015-11-11,-0.004575,4
2015-11-12,0.0,1
2015-11-13,0.0,1
2015-11-16,-0.06106,5
2015-11-17,-0.38585,2
2015-11-18,-0.14484285714285713,7
2015-11-19,-0.3715,2
2015-11-20,-0.023424999999999994,4
2015-11-23,0.4404,1
2015-11-24,-0.073075,4
2015-11-25,-0.1301,7
2015-11-27,0.29295,2
2015-11-30,0.40035000000000004,2
2015-12-01,0.0,3
2015-12-02,-0.102425,4
2015-12-03,0.0,1
2015-12-04,0.0070666666666666655,3
2015-12-07,0.4767,1
2015-12-08,-0.018379999999999997,5
2015-12-09,-0.06743333333333333,3
2015-12-10,0.26626666666666665,3
2015-12-11,-0.30312857142857147,7
2015-12-14,-0.07655,2
2015-12-15,0.004633333333333341,6
2015-12-16,-0.10606666666666666,3
2015-12-17,-0.025419999999999998,5
2015-12-18,-0.09358333333333334,6
2015-12-21,-0.2732,1
2015-12-22,0.0,1
2015-12-23,0.1796,4
2015-12-24,0.0,3
2015-12-28,0.0,1
2015-12-30,0.31845,2
2015-12-31,-0.017537499999999987,8
2016-01-04,-0.23835,2
2016-01-05,-0.074,4
2016-01-06,0.14049999999999999,3
2016-01-07,-0.1531,4
2016-01-08,-0.02781999999999999,5
2016-01-11,0.09913333333333334,3
2016-01-12,-0.17020000000000002,3
2016-01-13,0.44258,5
2016-01-14,0.2067142857142857,7
2016-01-15,0.35910000000000003,3
2016-01-19,0.0,1
2016-01-20,-0.08242857142857142,7
2016-01-21,-0.025783333333333335,6
2016-01-22,0.0,4
2016-01-25,0.030024999999999996,4
2016-01-26,0.5719,1
2016-01-27,0.055875,4
2016-01-28,0.4588,1
2016-01-29,0.2243166666666667,6
2016-02-01,-0.4023,1
2016-02-02,-0.105375,4
2016-02-03,-0.4588,1
2016-02-04,0.0,1
2016-02-05,-0.6718999999999999,2
2016-02-08,0.30140000000000006,3
2016-02-09,0.0,4
2016-02-10,-0.119175,4
2016-02-11,0.062266666666666665,6
2016-02-12,-0.025675,4
2016-02-16,0.0,2
2016-02-17,0.3803833333333333,6
2016-02-19,0.0,1
2016-02-22,0.14784999999999998,4
2016-02-23,-0.19583333333333333,3
2016-02-24,-0.07445,4
2016-02-25,0.3384,1
2016-02-26,-0.17020000000000002,3
2016-02-29,0.0,3
2016-03-01,-0.17168,5
2016-03-02,0.05875000000000001,4
2016-03-03,-0.23779999999999998,3
2016-03-04,0.006066666666666665,3
2016-03-07,0.044475,4
2016-03-08,0.37255,4
2016-03-09,0.128525,4
2016-03-10,0.3080333333333333,3
2016-03-11,0.0,1
2016-03-14,0.0,4
2016-03-15,0.0,2
2016-03-16,0.0,2
2016-03-17,0.0,1
2016-03-18,0.0772,1
2016-03-22,0.18185,2
2016-03-23,-0.09694,5
2016-03-24,-0.027299999999999994,6
2016-03-28,0.205675,4
2016-03-29,0.0,2
2016-03-30,0.10835000000000002,4
2016-03-31,0.13157777777777777,9
2016-04-01,0.12315000000000001,2
2016-04-04,0.0,1
2016-04-05,0.08808,5
2016-04-06,0.09106666666666667,3
2016-04-07,-0.2722333333333333,3
2016-04-08,0.36345,2
2016-04-11,-0.04929999999999999,4
2016-04-12,0.0,1
2016-04-13,0.07289999999999999,7
2016-04-14,-0.16993333333333335,3
2016-04-15,0.039749999999999994,4
2016-04-18,0.12193333333333334,3
2016-04-19,0.1503142857142857,7
2016-04-20,0.0,1
2016-04-21,0.03558,5
2016-04-22,-0.15743333333333331,3
2016-04-25,0.0,1
2016-04-26,0.3741333333333334,3
2016-04-27,-0.08955000000000002,2
2016-04-29,0.0,2
2016-05-02,-0.17,2
2016-05-03,-0.45424999999999993,2
2016-05-04,-0.4193,4
2016-05-05,-0.100475,4
2016-05-06,-0.15293333333333334,3
2016-05-09,0.3947,1
2016-05-10,-0.21006666666666665,3
2016-05-11,0.5267,1
2016-05-12,0.1484,3
2016-05-13,-0.19756,5
2016-05-16,0.40293333333333337,3
2016-05-17,-0.29286666666666666,3
2016-05-18,-0.14298000000000002,5
2016-05-19,-0.3818,1
2016-05-20,-0.06755,4
2016-05-23,-0.12476000000000002,5
2016-05-24,0.0,1
2016-05-25,0.04274285714285714,7
2016-05-26,-0.2202,2
2016-05-27,0.6369,1
2016-05-31,-0.10115,2
2016-06-01,0.10255000000000002,4
2016-06-02,-0.09465,6
2016-06-03,-0.6476999999999999,2
2016-06-07,0.0129,2
2016-06-08,0.2612666666666667,3
2016-06-09,0.42955,2
2016-06-10,-0.0129,2
2016-06-13,-0.1645,5
2016-06-14,0.2208,4
2016-06-15,-0.4037,2
2016-06-16,0.1682,5
2016-06-17,-0.028524999999999995,4
2016-06-20,0.1956,2
2016-06-21,0.20396666666666666,3
2016-06-22,0.13466250000000002,8
2016-06-23,-0.009133333333333334,3
2016-06-24,-0.19025,6
2016-06-27,-0.17082499999999998,4
2016-06-28,0.0,1
2016-06-29,0.24746666666666664,6
2016-06-30,-0.044475,4
2016-07-01,-0.5423,1
2016-07-05,-0.16463333333333333,3
2016-07-06,0.085,4
2016-07-07,-0.13248000000000001,5
2016-07-08,0.1468,3
2016-07-11,0.13136666666666666,6
2016-07-12,0.15735,4
2016-07-13,0.09746666666666666,3
2016-07-14,0.33236,5
2016-07-15,0.5537,2
2016-07-18,0.2202,2
2016-07-19,0.32872,5
2016-07-20,-0.067325,4
2016-07-21,0.4588,2
2016-07-22,0.22335,4
2016-07-25,0.5719,1
2016-07-26,0.09720000000000001,4
2016-07-27,0.03062,5
2016-07-28,0.1714857142857143,7
2016-07-29,0.12726666666666667,3
2016-08-01,0.3048,3
2016-08-02,-0.31245,2
2016-08-03,-0.15741666666666665,6
2016-08-04,-0.0872,3
2016-08-05,0.0,2
2016-08-08,0.12765,4
2016-08-09,-0.06606000000000001,5
2016-08-11,0.08146666666666667,6
2016-08-12,-0.148,2
2016-08-15,0.0,2
2016-08-16,0.0,4
2016-08-17,0.03303333333333334,6
2016-08-19,0.21087142857142857,7
2016-08-22,-0.21965,4
2016-08-29,0.0,1
2016-08-30,0.21619999999999998,3
2016-08-31,0.0,3
2016-09-01,0.34,1
2016-09-02,-0.0040000000000000036,3
2016-09-06,0.09316666666666668,3
2016-09-07,0.11411428571428571,7
2016-09-08,-0.24695,2
2016-09-09,-0.10163333333333335,3
2016-09-12,0.21619999999999998,3
2016-09-13,0.1366,2
2016-09-14,0.0809,5
2016-09-15,0.2023,1
2016-09-16,0.31845,2
2016-09-19,0.0734,6
2016-09-20,0.0,1
2016-09-21,-0.03610000000000001,4
2016-09-22,0.0,1
2016-09-23,-0.00645,4
2016-09-26,0.0,1
2016-09-28,-0.025675,4
2016-09-29,0.153725,4
2016-09-30,0.131675,4
2016-10-03,0.14601999999999998,5
2016-10-04,0.0188,4
2016-10-06,-0.10155,4
2016-10-07,-0.34,1
2016-10-10,-0.4019,1
2016-10-11,-0.02054,5
2016-10-12,0.0,1
2016-10-13,0.0,3
2016-10-14,0.08333333333333333,3
2016-10-17,-0.4215,1
2016-10-18,0.056050000000000016,2
2016-10-19,-0.09183333333333334,3
2016-10-20,0.13035714285714287,7
2016-10-21,-0.034024999999999986,4
2016-10-24,0.013566666666666652,3
2016-10-25,-0.4939,1
2016-10-26,0.068,5
2016-10-27,0.0,3
2016-10-28,0.0919,3
2016-10-31,0.042666666666666665,3
2016-11-01,0.0,3
2016-11-02,0.0,2
2016-11-03,-0.0065333333333333354,3
2016-11-04,-0.09012857142857143,7
2016-11-07,0.0,3
2016-11-08,0.19063333333333332,3
2016-11-09,-0.1248888888888889,9
2016-11-10,0.0,2
2016-11-11,-0.09212499999999998,4
2016-11-14,0.34895,2
2016-11-15,0.0,2
2016-11-16,0.0,2
2016-11-17,0.0,3
2016-11-18,-0.1372,2
2016-11-21,0.16146666666666668,3
2016-11-22,-0.09540000000000001,4
2016-11-23,0.45259999999999995,6
2016-11-25,0.2023,1
2016-11-28,0.04772500000000002,4
2016-11-29,-0.1027,1
2016-11-30,0.13894,5
2016-12-01,-0.13396666666666665,3
2016-12-02,0.13905,4
2016-12-05,0.0,5
2016-12-06,-0.007599999999999996,3
2016-12-07,-0.013800000000000007,4
2016-12-08,0.03623333333333336,3
2016-12-09,-0.7783,2
2016-12-12,0.0,2
2016-12-13,0.227525,4
2016-12-14,-0.007639999999999999,5
2016-12-15,0.03310000000000002,2
2016-12-16,-0.0121,4
2016-12-19,0.156225,4
2016-12-20,0.5859,1
2016-12-21,-0.253,3
2016-12-22,0.12040000000000001,3
2016-12-23,0.0,2
2016-12-27,-0.05853333333333335,3
2016-12-28,0.10115,2
2016-12-29,0.0,1
2016-12-30,0.11081666666666667,6
2017-01-03,0.065375,4
2017-01-04,0.09478,5
2017-01-05,0.22615000000000002,2
2017-01-06,0.4404,1
2017-01-10,0.5423,1
2017-01-11,-0.05516,5
2017-01-12,-0.3182,1
2017-01-13,-0.25,1
2017-01-17,0.0,1
2017-01-18,0.04708,5
2017-01-19,0.0,2
2017-01-20,0.36082000000000003,5
2017-01-23,0.03423333333333333,3
2017-01-24,-0.10606666666666666,3
2017-01-25,0.03062,5
2017-01-26,0.27795000000000003,4
2017-01-27,0.1101,4
2017-01-31,0.16563333333333333,3
2017-02-01,-0.14702500000000002,4
2017-02-02,0.5267,1
2017-02-03,0.12735,2
2017-02-06,-0.31245,2
2017-02-07,-0.17285,4
2017-02-08,0.3066,2
2017-02-09,0.0,4
2017-02-10,0.064,2
2017-02-13,0.0,2
2017-02-14,0.0,1
2017-02-15,0.0,2
2017-02-16,-0.1468,3
2017-02-17,-0.09244999999999999,4
2017-02-21,0.31845,2
2017-02-22,0.345275,4
2017-02-23,0.07556666666666667,3
2017-02-24,0.3057,2
2017-02-27,0.13396666666666665,3
2017-02-28,0.2202,2
2017-03-01,0.0,4
2017-03-03,0.08895,2
2017-03-06,0.21230000000000002,3
2017-03-07,0.224275,4
2017-03-08,-0.02054,5
2017-03-09,0.26295,4
2017-03-10,0.3417,2
2017-03-13,-0.13555999999999999,5
2017-03-14,-0.08439999999999999,3
2017-03-16,0.1101,4
2017-03-17,-0.2083,3
2017-03-20,0.227,4
2017-03-21,-0.2874333333333334,3
2017-03-22,-0.1101,4
2017-03-23,0.3612,1
2017-03-24,-0.3454,2
2017-03-27,0.190175,4
2017-03-28,0.0,1
2017-03-29,0.10891428571428573,7
2017-03-30,0.296,1
2017-03-31,-0.3182,1
2017-04-03,-0.13396666666666665,3
2017-04-04,0.204175,4
2017-04-05,0.04024285714285715,7
2017-04-06,-0.07152499999999998,4
2017-04-07,-0.18076666666666666,3
2017-04-10,0.317,3
2017-04-11,0.0,2
2017-04-12,0.04865,4
2017-04-13,0.0,4
2017-04-17,-0.0386,2
2017-04-18,-0.04989999999999999,4
2017-04-19,0.24695,2
2017-04-20,0.26913333333333334,3
2017-04-21,-0.20095,2
2017-04-24,-0.10606666666666666,3
2017-04-25,-0.0172,3
2017-04-26,-0.02347999999999999,5
2017-04-27,-0.6249,1
2017-04-28,0.309325,4
2017-05-02,-0.09866666666666667,3
2017-05-03,-0.09028333333333334,6
2017-05-04,-0.2294,2
2017-05-05,0.0258,2
2017-05-08,0.20980000000000001,4
2017-05-09,-0.12726666666666667,3
2017-05-10,0.164975,4
2017-05-11,0.0,1
2017-05-12,0.0,1
2017-05-15,-0.32355,4
2017-05-16,0.042450000000000015,4
2017-05-17,0.12635000000000002,6
2017-05-18,-0.06743333333333333,3
2017-05-22,-0.100325,4
2017-05-23,-0.03423333333333333,3
2017-05-24,-0.10767999999999997,5
2017-05-30,0.25624,5
2017-05-31,0.16463333333333333,3
2017-06-01,-0.12040000000000001,3
2017-06-02,-0.21386666666666665,3
2017-06-05,-0.24443333333333336,3
2017-06-07,-0.15645,4
2017-06-08,0.17,2
2017-06-09,0.0,1
2017-06-12,0.03386666666666666,6
2017-06-13,0.14314285714285716,7
2017-06-14,0.0,1
2017-06-15,0.0,3
2017-06-16,0.26695,2
2017-06-19,0.2202,2
2017-06-20,-0.09866666666666667,3
2017-06-21,0.008139999999999991,5
2017-06-22,0.11893333333333334,6
2017-06-23,0.1101,4
2017-06-26,-0.13396666666666665,3
2017-06-27,-0.007379999999999986,5
2017-06-28,0.3818,1
2017-06-29,0.14602500000000002,4
2017-06-30,0.0,1
2017-07-03,0.0,2
2017-07-05,-0.13826666666666668,6
2017-07-06,0.019875000000000004,4
2017-07-07,0.3994,2
2017-07-10,-0.059199999999999996,5
2017-07-11,0.31845,2
2017-07-12,0.054266666666666664,3
2017-07-13,0.0,1
2017-07-14,0.0,2
2017-07-17,-0.05135,2
2017-07-18,0.296,1
2017-07-19,0.24695,2
2017-07-20,0.0,5
2017-07-24,0.0,1
2017-07-25,0.1779,1
2017-07-26,0.0,1
2017-07-27,0.4404,1
2017-07-28,0.0,2
2017-07-31,0.06743333333333333,3
2017-08-01,-0.21839999999999998,4
2017-08-02,0.0,2
2017-08-03,-0.12405,2
2017-08-04,0.0,1
2017-08-07,0.1651,2
2017-08-08,-0.00023999999999999578,5
2017-08-09,0.025759999999999998,5
2017-08-10,0.092575,4
2017-08-14,0.0,4
2017-08-16,0.0,4
2017-08-17,0.0,5
2017-08-18,0.0193,4
2017-08-21,-0.43035,2
2017-08-22,0.050575,4
2017-08-23,0.21713333333333332,3
2017-08-24,-0.43584999999999996,4
2017-08-28,0.11438,5
2017-08-30,0.12753333333333336,3
2017-08-31,-0.270625,4
2017-09-01,-0.4404,1
2017-09-05,0.0,1
2017-09-06,-0.009016666666666681,6
2017-09-07,-0.100475,4
2017-09-08,0.05569999999999999,5
2017-09-11,0.4019,1
2017-09-12,0.156,3
2017-09-13,0.4404,1
2017-09-14,0.7184,1
2017-09-15,-0.012399999999999994,4
2017-09-18,-0.4215,1
2017-09-19,0.3345,2
2017-09-20,0.32455,2
2017-09-21,-0.2716,1
2017-09-22,0.028559999999999974,5
2017-09-25,-0.1027,1
2017-09-26,-0.140875,4
2017-09-27,0.04946,5
2017-09-28,0.6369,1
2017-09-29,0.26565,4
2017-10-02,0.0,2
2017-10-03,-0.03273333333333336,3
2017-10-04,0.0,1
2017-10-05,0.0,1
2017-10-06,0.0061249999999999916,4
2017-10-09,0.19363333333333332,6
2017-10-10,0.11035,2
2017-10-11,0.018099999999999995,6
2017-10-12,0.0,2
2017-10-13,-0.44733999999999996,5
2017-10-16,0.08333333333333333,3
2017-10-17,0.20095,2
2017-10-18,-0.6249,1
2017-10-19,-0.20095,2
2017-10-20,0.1366,2
2017-10-23,-0.010550000000000004,6
2017-10-24,-0.15822,5
2017-10-25,0.423775,4
2017-10-27,0.124025,4
2017-10-30,-0.12925,2
2017-10-31,0.2708333333333333,3
2017-11-01,0.0,2
2017-11-02,-0.0514,2
2017-11-03,-0.07655,2
2017-11-06,0.14017142857142856,7
2017-11-07,0.27576666666666666,3
2017-11-08,0.368625,4
2017-11-09,0.11045,6
2017-11-10,0.0,1
2017-11-13,-0.26116666666666666,3
2017-11-14,0.1011,5
2017-11-15,-0.29615,4
2017-11-16,0.16463333333333333,3
2017-11-20,0.0,3
2017-11-21,0.0,3
2017-11-22,0.31845,2
2017-11-24,0.0,1
2017-11-29,0.10606666666666666,3
2017-11-30,0.0,1
2017-12-04,0.09038333333333333,6
2017-12-05,-0.19063333333333332,3
2017-12-06,0.0,1
2017-12-07,0.050575,4
2017-12-08,0.0,3
2017-12-11,0.159225,4
2017-12-18,-0.1366,2
2017-12-19,-0.017724999999999998,4
2017-12-20,-0.0876,4
2017-12-21,0.257075,4
2017-12-22,0.15080000000000002,3
2017-12-26,0.2909333333333333,3
2017-12-27,0.7096,1
2017-12-28,0.058883333333333336,6
2017-12-29,0.4296333333333333,3
2018-01-02,0.19658888888888887,9
2018-01-03,0.5497666666666666,6
2018-01-04,0.0,2
2018-01-05,0.31845,2
2018-01-08,0.30561666666666665,6
2018-01-09,0.21423333333333336,3
2018-01-10,0.3982,2
2018-01-12,0.0,3
2018-01-16,0.062275,4
2018-01-17,0.0,3
2018-01-18,0.10115,2
2018-01-19,0.3504333333333333,3
2018-01-22,-0.0599,6
2018-01-23,0.449425,4
2018-01-24,0.0129,2
2018-01-25,0.0,1
2018-01-26,-0.08438333333333332,6
2018-01-29,0.0,2
2018-01-30,0.13027142857142857,7
2018-01-31,-0.12726666666666667,3
2018-02-01,-0.011720000000000008,5
2018-02-02,0.04524285714285714,7
2018-02-05,-0.33245,4
2018-02-06,0.1858,6
2018-02-07,-0.074,4
2018-02-08,0.056575,4
2018-02-09,0.0,3
2018-02-12,0.05303333333333333,6
2018-02-13,0.14693333333333333,3
2018-02-14,0.4019,1
2018-02-15,0.15884,5
2018-02-16,0.3116,4
2018-02-20,-0.31245,2
2018-02-21,0.0,1
2018-02-22,0.09956666666666665,3
2018-02-23,0.1242,2
2018-02-26,0.31845,2
2018-02-27,-0.2732,1
2018-02-28,-0.07604000000000001,5
2018-03-01,0.12765,4
2018-03-02,-0.21075,2
2018-03-05,-0.2997,2
2018-03-06,-0.01825,6
2018-03-07,0.19063333333333332,3
2018-03-08,-0.03423333333333333,3
2018-03-09,-0.16463333333333333,3
2018-03-12,-0.021719999999999996,5
2018-03-13,0.0193,4
2018-03-14,-0.12916666666666665,3
2018-03-15,0.0,2
2018-03-16,0.0,1
2018-03-19,0.0,2
2018-03-20,0.0,3
2018-03-21,0.0,3
2018-03-22,0.0,2
2018-03-23,-0.5719,1
2018-03-26,0.20793333333333333,3
2018-03-27,0.0,2
2018-03-28,0.153,3
2018-03-29,0.07955,4
2018-04-02,0.31027499999999997,4
2018-04-03,0.11995,6
2018-04-04,0.0,2
2018-04-05,0.085,4
2018-04-06,0.0,2
2018-04-09,0.0,3
2018-04-10,0.05065714285714286,7
2018-04-11,-0.230225,4
2018-04-12,-0.296,1
2018-04-13,0.24816666666666665,3
2018-04-16,0.14148333333333332,6
2018-04-17,0.0,4
2018-04-18,0.0,3
2018-04-19,0.0,2
2018-04-23,0.1468,3
2018-04-24,0.37643333333333334,3
2018-04-25,0.10049999999999999,5
2018-04-26,0.0,3
2018-04-27,0.18499999999999997,3
2018-04-30,0.163,4
2018-05-01,0.0,1
2018-05-02,-0.11315,2
2018-05-03,-0.006275000000000003,4
2018-05-04,-0.028833333333333332,3
2018-05-07,0.07543333333333334,3
2018-05-08,0.0,1
2018-05-09,0.3454,2
2018-05-10,0.0,2
2018-05-11,-0.022999999999999993,2
2018-05-14,-0.18409999999999999,4
2018-05-15,-0.1779,1
2018-05-16,0.11333333333333334,3
2018-05-17,0.24659999999999999,4
2018-05-18,0.2202,2
2018-05-21,-0.002299999999999991,5
2018-05-22,0.09094,5
2018-05-23,0.2732,1
2018-05-24,0.2294,2
2018-05-25,0.2553,2
2018-05-29,0.26932500000000004,4
2018-05-30,0.0,1
2018-05-31,-0.7717,1
2018-06-01,0.159225,4
2018-06-04,0.09866666666666667,3
2018-06-05,0.12048333333333333,6
2018-06-06,0.0,1
2018-06-07,0.2202,2
2018-06-08,-0.119175,4
2018-06-11,-0.2732,1
2018-06-12,-0.17556666666666665,3
2018-06-13,0.140875,4
2018-06-14,0.2936,3
2018-06-15,-0.31542499999999996,4
2018-06-18,0.011300000000000013,3
2018-06-19,0.0,2
2018-06-20,0.13555999999999999,5
2018-06-21,0.0,1
2018-06-22,0.04175000000000001,2
2018-06-25,0.0,1
2018-06-26,0.0,1
2018-06-27,0.01783333333333333,3
2018-06-28,0.14750000000000002,2
2018-07-02,0.244675,4
2018-07-03,0.0,3
2018-07-05,0.26955,2
2018-07-06,0.09734999999999998,6
2018-07-09,-0.10606666666666666,3
2018-07-10,0.10132857142857143,7
2018-07-11,-0.1591,2
2018-07-12,0.0,2
2018-07-13,-0.26335,2
2018-07-16,0.023642857142857132,7
2018-07-17,-0.08613333333333334,3
2018-07-18,0.17,2
2018-07-19,0.0,2
2018-07-20,0.11333333333333334,3
2018-07-23,0.0,2
2018-07-24,-0.10370000000000001,2
2018-07-25,0.3818,1
2018-07-26,-0.10846,5
2018-07-27,0.0,4
2018-07-30,-0.03707777777777778,9
2018-07-31,0.0721,5
2018-08-01,-0.025733333333333334,3
2018-08-02,0.20095,2
2018-08-03,-0.2787,2
2018-08-06,0.12738,5
2018-08-07,0.1413333333333333,3
2018-08-08,0.0,2
2018-08-09,0.08449999999999999,5
2018-08-10,-0.2919,3
2018-08-13,-0.15293333333333334,3
2018-08-14,0.135575,4
2018-08-15,0.3552666666666666,3
2018-08-16,0.0,3
2018-08-20,-0.24695,2
2018-08-21,0.0028666666666666667,9
2018-08-22,0.07696,5
2018-08-23,-0.14049999999999999,3
2018-08-24,0.038275,4
2018-08-27,0.10606666666666666,3
2018-08-28,-0.15038,5
2018-08-29,-0.5069,3
2018-08-30,0.4767,1
2018-08-31,0.08616666666666667,3
2018-09-04,0.254,6
2018-09-05,-0.22897999999999996,5
2018-09-06,0.1591,2
2018-09-07,0.0,1
2018-09-10,-0.6652,1
2018-09-11,0.24767999999999998,5
2018-09-12,0.23775000000000002,4
2018-09-13,0.0,1
2018-09-14,0.0,2
2018-09-17,-0.07925,6
2018-09-19,-0.27115,2
2018-09-20,0.0258,2
2018-09-21,0.029725,4
2018-09-24,0.0,1
2018-09-26,0.14436666666666667,3
2018-09-27,-0.18507500000000002,4
2018-09-28,0.36819999999999997,2
2018-10-01,0.049783333333333325,6
2018-10-02,0.0,1
2018-10-03,0.08362,5
2018-10-04,0.1406,1
2018-10-08,0.34,1
2018-10-09,0.13396666666666665,3
2018-10-10,0.0,6
2018-10-11,0.07555,4
2018-10-12,-0.315575,4
2018-10-15,-0.2733,5
2018-10-16,-0.21075,2
2018-10-17,-0.17,2
2018-10-18,0.2118,4
2018-10-19,-0.2658,3
2018-10-22,-0.074,4
2018-10-23,-0.24714999999999998,4
2018-10-24,0.07554285714285715,7
2018-10-25,-0.13396666666666665,3
2018-10-26,-0.2318,3
2018-10-29,-0.07869999999999999,5
2018-10-30,-0.04862000000000001,5
2018-10-31,-0.23129999999999998,5
2018-11-01,0.3612,1
2018-11-02,0.0,1
2018-11-05,-0.1806,2
2018-11-06,-0.0946,4
2018-11-07,0.035140000000000005,5
2018-11-08,0.1953,3
2018-11-12,-0.10212000000000002,5
2018-11-13,0.0,1
2018-11-14,0.06780000000000001,6
2018-11-15,0.10225,4
2018-11-16,-0.5994,1
2018-11-19,-0.0909857142857143,7
2018-11-20,0.14457499999999998,4
2018-11-21,-0.39893333333333336,3
2018-11-23,0.0,1
2018-11-26,0.06698333333333333,6
2018-11-27,0.159225,4
2018-11-28,0.0,2
2018-11-29,-0.34331999999999996,5
2018-11-30,0.0,2
2018-12-03,0.0,2
2018-12-04,0.04046,5
2018-12-06,-0.06074999999999999,6
2018-12-07,-0.5994,1
2018-12-10,0.0,1
2018-12-11,0.28996,5
2018-12-12,0.17428,5
2018-12-13,-0.30524,5
2018-12-14,-0.13125,2
2018-12-17,-0.21993999999999997,5
2018-12-18,-0.23434285714285716,7
2018-12-19,-0.401,2
2018-12-20,-0.30351666666666666,6
2018-12-21,0.06946666666666666,6
2018-12-24,0.019625000000000004,4
2018-12-26,0.030566666666666655,9
2018-12-27,0.0,6
2018-12-28,0.06743333333333333,3
2018-12-31,-0.2794,17
2019-01-02,0.007714285714285717,7
2019-01-03,-0.07914,5
2019-01-04,0.05532,5
2019-01-07,-0.09106666666666667,3
2019-01-08,0.0,5
2019-01-09,-0.09752000000000001,5
2019-01-10,0.31845,2
2019-01-11,0.022566666666666662,6
2019-01-14,-0.045274999999999996,4
2019-01-15,-0.4019,1
2019-01-16,-0.34895,2
2019-01-17,0.159225,4
2019-01-18,0.06021428571428571,7
2019-01-22,-0.1476,4
2019-01-23,0.4937,3
2019-01-24,-0.16603333333333334,3
2019-01-25,0.0,3
2019-01-28,0.0,2
2019-01-29,0.0,2
2019-01-30,0.075875,8
2019-01-31,0.4596,5
2019-02-01,-0.03423333333333333,3
2019-02-04,0.0,2
2019-02-05,0.20448333333333332,6
2019-02-06,-0.008499999999999994,4
2019-02-07,0.367,2
2019-02-08,-0.13493333333333332,3
2019-02-11,0.0,3
2019-02-12,0.009299999999999985,5
2019-02-13,-0.02525714285714285,7
2019-02-14,0.15189999999999998,3
2019-02-15,-0.1993,2
2019-02-19,-0.13396666666666665,3
2019-02-20,-0.004239999999999999,5
2019-02-21,0.159225,4
2019-02-22,0.5106,1
2019-02-25,0.08571999999999999,5
2019-02-26,-0.30345,4
2019-02-27,0.29242,5
2019-02-28,0.0,2
2019-03-01,-0.04862000000000001,5
2019-03-04,0.1591,2
2019-03-05,0.09587999999999999,5
2019-03-06,-0.6249,1
2019-03-07,0.254675,4
2019-03-08,0.21795000000000003,4
2019-03-11,0.12040000000000001,3
2019-03-12,0.0,1
2019-03-13,0.07346,5
2019-03-14,-0.22083333333333335,3
2019-03-15,0.018728571428571428,7
2019-03-18,0.033716666666666666,6
2019-03-19,-0.2732,1
2019-03-21,0.1909,2
2019-03-22,-0.6486,1
2019-03-25,-0.04975999999999999,5
2019-03-26,-0.027600000000000013,2
2019-03-27,0.4404,1
2019-03-28,0.0,2
2019-03-29,0.22616,5
2019-04-01,0.15689999999999998,5
2019-04-02,0.10246666666666666,3
2019-04-03,0.156225,4
2019-04-04,0.0,3
2019-04-05,0.34,1
2019-04-08,0.029459999999999986,5
2019-04-09,0.350875,4
2019-04-10,0.0,1
2019-04-11,0.10115,2
2019-04-12,0.17303333333333334,3
2019-04-15,0.2202,2
2019-04-16,0.0,1
2019-04-17,0.49905,2
2019-04-18,0.1806,2
2019-04-22,0.5719,1
2019-04-23,-0.10611999999999999,5
2019-04-24,-0.023424999999999994,4
2019-04-25,-0.24945,4
2019-04-26,-0.15843333333333334,3
2019-04-29,-0.035100000000000006,4
2019-04-30,0.164,3
2019-05-01,-0.1643666666666667,3
2019-05-02,0.253825,4
2019-05-03,-0.18213333333333334,3
2019-05-06,0.171,4
2019-05-07,-0.17606,5
2019-05-08,0.11749999999999998,5
2019-05-09,0.09106666666666667,3
2019-05-10,0.0172,3
2019-05-13,0.0,3
2019-05-14,-0.11392,5
2019-05-15,0.02065,4
2019-05-16,-0.25453333333333333,3
2019-05-17,0.24695,2
2019-05-20,0.07042,5
2019-05-21,0.0,1
2019-05-22,-0.021449999999999997,6
2019-05-23,-0.2786666666666667,3
2019-05-24,0.18445,4
2019-05-28,-0.004166666666666652,3
2019-05-29,-0.1421,3
2019-05-30,-0.30410000000000004,3
2019-05-31,0.0,1
2019-06-03,-0.06693333333333333,6
2019-06-04,0.0,1
2019-06-05,-0.09565000000000001,4
2019-06-06,-0.296,1
2019-06-07,0.12490000000000001,5
2019-06-10,0.23803999999999997,5
2019-06-11,0.14856000000000003,5
2019-06-12,0.4019,1
2019-06-13,0.11648,5
2019-06-17,-0.008950000000000014,2
2019-06-18,0.0,1
2019-06-19,-0.00038333333333332814,6
2019-06-20,0.21776666666666666,3
2019-06-21,-0.13396666666666665,3
2019-06-24,0.0593,3
2019-06-25,-0.10970625,16
2019-06-26,0.0,2
2019-06-27,-0.1531,1
2019-06-28,0.29985,4
2019-07-01,-0.1587833333333333,6
2019-07-02,0.5859,1
2019-07-03,0.0,4
2019-07-05,0.0,2
2019-07-08,-0.10916666666666668,6
2019-07-10,-0.06551249999999999,8
2019-07-11,0.0,1
2019-07-12,0.044550000000000034,2
2019-07-15,0.10826666666666666,3
2019-07-16,0.0,1
2019-07-17,0.01075000000000001,4
2019-07-18,-0.4588,1
2019-07-19,-0.09368000000000001,5
2019-07-22,0.00645,4
2019-07-23,0.0,2
2019-07-24,0.042666666666666665,3
2019-07-25,-0.06655999999999998,5
2019-07-26,0.20065,6
2019-07-29,0.4404,1
2019-07-30,-0.16942,5
2019-07-31,0.0,1
2019-08-01,-0.31545,4
2019-08-02,-0.7116000000000001,3
2019-08-05,-0.0653,4
2019-08-06,0.05183333333333332,3
2019-08-07,-0.19187142857142855,7
2019-08-08,0.016449999999999992,2
2019-08-09,-0.083025,4
2019-08-12,0.0,2
2019-08-13,0.1468,3
2019-08-14,-0.38717500000000005,4
2019-08-15,0.09106666666666667,3
2019-08-16,0.0,1
2019-08-19,0.3767666666666667,3
2019-08-20,0.21803999999999996,5
2019-08-21,0.1101,4
2019-08-22,-0.2044,3
2019-08-23,0.09053333333333334,3
2019-08-26,0.03462500000000002,4
2019-08-27,0.24865,2
2019-08-28,-0.05777499999999999,4
2019-08-29,0.0,3
2019-08-30,0.007950000000000002,4
2019-09-03,-0.2641,5
2019-09-04,0.01992,5
2019-09-05,-0.17,2
2019-09-06,0.31845,2
2019-09-09,0.12366000000000002,5
2019-09-10,0.0,2
2019-09-11,0.10003999999999999,5
2019-09-12,-0.048350000000000004,6
2019-09-13,0.0,2
2019-09-16,0.04813333333333334,3
2019-09-17,-0.2202,2
2019-09-18,-0.14049999999999999,3
2019-09-19,0.15031666666666665,6
2019-09-20,-0.2202,2
2019-09-23,0.24725999999999998,5
2019-09-24,0.07423333333333333,6
2019-09-25,0.0,5
2019-09-26,0.16463333333333333,3
2019-09-27,0.3353333333333333,3
2019-09-30,0.04226,5
2019-10-01,-0.12785,6
2019-10-02,-0.13616,5
2019-10-03,-0.5183,3
2019-10-04,0.0,2
2019-10-07,-0.079,6
2019-10-08,0.0,3
2019-10-09,-0.1319,3
2019-10-10,0.12726666666666667,3
2019-10-11,0.2216857142857143,7
2019-10-14,-0.27115,2
2019-10-15,0.03326666666666667,6
2019-10-16,0.12319999999999998,3
2019-10-17,0.0,3
2019-10-18,0.0,3
2019-10-21,0.19354,5
2019-10-23,0.0,2
2019-10-24,-0.3548,2
2019-10-25,0.01538333333333334,6
2019-10-28,0.17346666666666666,9
2019-10-29,0.0,3
2019-10-30,0.10394,5
2019-10-31,-0.212,3
2019-11-01,0.1235111111111111,9
2019-11-04,0.0,3
2019-11-05,0.282325,4
2019-11-06,0.08510000000000001,6
2019-11-07,0.12765,4
2019-11-08,-0.18796,5
2019-11-11,-0.0258,2
2019-11-12,0.418925,4
2019-11-13,-0.09675,4
2019-11-14,0.34626666666666667,3
2019-11-15,0.0,4
2019-11-18,-0.10953333333333333,6
2019-11-19,0.0,2
2019-11-20,0.17,2
2019-11-21,-0.089,4
2019-11-22,0.0,1
2019-11-25,0.119175,4
2019-11-26,-0.06337499999999999,4
2019-11-27,0.16463333333333333,3
2019-11-29,0.0,1
2019-12-02,-0.03491428571428571,7
2019-12-03,0.0,1
2019-12-04,-0.20650000000000002,3
2019-12-05,0.082775,4
2019-12-06,0.11315,2
2019-12-09,-0.154875,4
2019-12-10,0.050575,4
2019-12-11,-0.06866666666666665,3
2019-12-12,-0.106575,4
2019-12-13,0.0,4
2019-12-16,0.04800000000000001,3
2019-12-17,0.11228,5
2019-12-18,0.04635714285714286,7
2019-12-19,-0.0047,2
2019-12-20,0.23436249999999997,8
2019-12-23,0.12613636363636363,11
2019-12-24,-0.2553,2
2019-12-26,0.0,7
2019-12-27,0.3903666666666667,3
2019-12-30,0.17300000000000001,5
2019-12-31,0.13765,14
2020-01-02,-0.014180000000000003,5
2020-01-03,0.10079999999999999,9
2020-01-06,0.07034,5
2020-01-07,0.006974999999999992,4
2020-01-08,0.045533333333333335,6
2020-01-09,-0.16745714285714283,7
2020-01-10,0.21230000000000002,3
2020-01-13,0.0903,4
2020-01-14,0.28359999999999996,7
2020-01-15,0.1527285714285714,7
2020-01-16,-0.129725,8
2020-01-17,0.08808,5
2020-01-21,0.13566666666666666,6
2020-01-22,0.07136666666666668,3
2020-01-23,0.0,2
2020-01-24,0.0,2
2020-01-27,0.131775,4
2020-01-28,0.0389,6
2020-01-29,-0.2294,2
2020-01-30,0.11249999999999999,3
2020-01-31,0.7884,1
2020-02-03,0.3347428571428571,7
2020-02-04,0.1186,3
2020-02-05,0.085875,4
2020-02-06,0.0,3
2020-02-07,-0.012599999999999991,6
2020-02-10,0.018771428571428567,7
2020-02-11,-0.06086666666666666,6
2020-02-12,0.19884,5
2020-02-13,0.1858,3
2020-02-14,0.31845,2
2020-02-18,0.2023,1
2020-02-19,0.11745714285714286,7
2020-02-20,-0.233225,4
2020-02-21,-0.03654999999999999,6
2020-02-24,-0.08020000000000001,7
2020-02-25,0.0754,8
2020-02-26,-0.09796,10
2020-02-27,-0.13399411764705882,17
2020-02-28,-0.249075,16
2020-03-02,-0.08772499999999998,4
2020-03-03,0.09854,5
2020-03-04,-0.02372500000000001,4
2020-03-05,0.004259999999999997,5
2020-03-06,-0.25994,5
2020-03-09,-0.15033125,32
2020-03-10,-0.050600000000000006,8
2020-03-11,-0.22691,10
2020-03-12,-0.182972,25
2020-03-13,0.11506666666666666,15
2020-03-16,-0.233045,20
2020-03-17,-0.13255714285714285,14
2020-03-18,-0.04573333333333333,12
2020-03-19,0.11999166666666668,12
2020-03-20,-0.13275,6
2020-03-23,-0.0970375,8
2020-03-24,-0.07136,10
2020-03-25,-0.046599999999999996,12
2020-03-26,-0.10212000000000002,5
2020-03-27,0.08844444444444445,9
2020-03-30,0.12135,4
2020-03-31,-0.40814000000000006,10
2020-04-01,-0.08872857142857142,7
2020-04-02,0.3008166666666667,6
2020-04-03,-0.23224,5
2020-04-06,-0.10630000000000002,10
2020-04-07,-0.0258,2
2020-04-08,0.1660375,8
2020-04-09,0.32206,5
2020-04-13,-0.037974999999999995,4
2020-04-14,0.2299857142857143,7
2020-04-15,0.0,4
2020-04-16,-0.00645,4
2020-04-17,0.0843,5
2020-04-20,0.07308,5
2020-04-21,-0.09106666666666667,3
2020-04-22,0.0,1
2020-04-24,0.0258,1
2020-04-27,-0.17235,4
2020-04-28,0.31845,4
2020-04-29,0.0,1
2020-04-30,0.018000000000000002,4
2020-05-01,-0.0146,7
2020-05-04,0.16114,5
2020-05-05,-0.1447,7
2020-05-06,0.074,4
2020-05-07,0.06425714285714286,7
2020-05-08,0.1323,8
2020-05-11,-0.1272,5
2020-05-12,0.11600000000000003,4
2020-05-13,-0.025675,4
2020-05-14,0.041679999999999995,5
2020-05-15,0.2979,3
2020-05-18,0.21075,2
2020-05-19,-0.07543333333333334,3
2020-05-20,-0.08664999999999999,6
2020-05-21,0.17131666666666664,6
2020-05-22,-0.06743333333333333,3
2020-05-26,0.169125,8
2020-05-27,0.04615714285714285,7
2020-05-28,-0.0065100000000000045,10
2020-05-29,0.05767499999999999,4
2020-06-01,-0.08654285714285716,7
2020-06-02,-0.14928571428571427,7
2020-06-03,0.31845,2
2020-06-04,0.05273333333333333,6
2020-06-05,0.21673333333333333,6
2020-06-08,0.10848750000000001,8
2020-06-09,0.0413125,8
2020-06-10,-0.10336666666666666,6
2020-06-11,0.07455999999999999,5
2020-06-12,0.0,4
2020-06-15,-0.05303333333333333,6
2020-06-16,0.26724000000000003,5
2020-06-17,0.13006666666666666,6
2020-06-18,-0.1998,3
2020-06-19,0.008099999999999998,6
2020-06-22,0.0,3
2020-06-24,0.1830857142857143,7
2020-06-25,0.025675000000000003,4
2020-06-26,-0.26815,4
2020-06-29,0.15648,10
2020-06-30,0.06643333333333333,9
2020-07-01,0.27332727272727275,11
2020-07-02,0.17933333333333332,9
2020-07-06,0.14883333333333335,6
2020-07-07,0.0,1
2020-07-08,0.07429999999999999,5
2020-07-09,0.0,2
2020-07-10,-0.07955,4
2020-07-13,0.12163333333333333,6
2020-07-14,-0.031233333333333325,3
2020-07-15,-0.1516,5
2020-07-16,0.0,1
2020-07-20,0.33738333333333337,6
2020-07-21,0.18578333333333333,6
2020-07-22,0.23156666666666667,6
2020-07-23,0.11550000000000002,5
2020-07-24,-0.176,4
2020-07-27,-0.5643,3
2020-07-28,0.08893333333333332,6
2020-07-29,-0.1682,3
2020-07-30,0.28595,2
2020-07-31,-0.013528571428571421,7
2020-08-03,0.3123666666666667,6
2020-08-04,0.0622,6
2020-08-05,0.0,1
2020-08-06,-0.048857142857142856,7
2020-08-07,-0.09545,4
2020-08-10,-0.04731250000000001,8
2020-08-11,0.1142,8
2020-08-12,0.12040000000000001,3
2020-08-13,0.0,1
2020-08-14,-0.13054,5
2020-08-17,0.039775,8
2020-08-18,-0.128,16
2020-08-19,-0.0736,7
2020-08-20,0.2634571428571429,7
2020-08-21,-0.02036249999999999,8
2020-08-24,0.08600000000000002,2
2020-08-25,0.043628571428571426,14
2020-08-26,-0.01031666666666666,6
2020-08-27,0.21423333333333336,3
2020-08-28,0.059333333333333335,9
2020-08-31,-0.05955,4
2020-09-01,0.19571666666666668,6
2020-09-02,0.06847142857142859,7
2020-09-03,-0.14195,10
2020-09-04,-0.031375,4
2020-09-08,-0.049516666666666674,12
2020-09-09,-0.2667,6
2020-09-10,0.13906666666666667,3
2020-09-11,0.4019,1
2020-09-14,-0.03291999999999999,5
2020-09-15,0.01100000000000001,4
2020-09-16,0.14698333333333333,6
2020-09-17,0.34165999999999996,5
2020-09-18,-0.20212,5
2020-09-21,-0.019533333333333347,3
2020-09-22,-0.1998,3
2020-09-23,-0.10204909090909091,55
2020-09-24,0.30108,5
2020-09-25,-0.3026666666666667,3
2020-09-28,0.05666666666666667,6
2020-09-29,0.1662142857142857,7
2020-09-30,-0.02641249999999999,8
2020-10-01,0.0,3
2020-10-02,-0.1626,2
2020-10-05,0.3488,2
2020-10-06,-0.6335,2
2020-10-07,0.08845,4
2020-10-08,-0.2047,4
2020-10-09,0.0,1
2020-10-12,0.033716666666666666,6
2020-10-13,0.085,4
2020-10-14,0.18076666666666666,3
2020-10-15,-0.08530000000000001,2
2020-10-16,-0.09106666666666667,3
2020-10-19,0.20010000000000003,6
2020-10-20,0.0,5
2020-10-21,0.05148333333333333,6
2020-10-22,0.051983333333333326,6
2020-10-23,0.09580000000000001,4
2020-10-26,0.004833333333333319,3
2020-10-27,0.07105,6
2020-10-28,-0.50335,2
2020-10-29,-0.14579999999999999,5
2020-10-30,0.7096,1
2020-11-02,0.14478,10
2020-11-03,0.1640333333333333,15
2020-11-04,0.13758,5
2020-11-05,0.183,4
2020-11-06,0.12191250000000001,8
2020-11-09,0.09921666666666668,6
2020-11-10,-0.005699999999999997,4
2020-11-11,0.4215,1
2020-11-12,-0.162325,4
2020-11-13,0.26146,5
2020-11-16,0.25279999999999997,11
2020-11-17,0.09353571428571428,14
2020-11-18,0.23263333333333333,3
2020-11-19,-0.08307142857142857,7
2020-11-20,-0.17885714285714285,7
2020-11-23,0.16315,6
2020-11-24,0.16932307692307694,13
2020-11-25,0.038450000000000005,8
2020-11-27,0.3556333333333333,3
2020-11-30,0.1473,7
2020-12-01,-0.0039000000000000024,9
2020-12-02,0.17843333333333333,6
2020-12-03,0.0,1
2020-12-04,0.16815000000000002,6
2020-12-07,0.16975,4
2020-12-08,-0.09106666666666667,3
2020-12-09,0.024900000000000002,4
2020-12-10,0.0425,8
2020-12-11,0.23450000000000001,6
2020-12-14,0.160225,4
2020-12-15,0.08523333333333333,6
2020-12-16,0.19748333333333332,6
2020-12-17,-0.060200000000000004,6
2020-12-18,0.010345454545454541,11
2020-12-21,0.06746153846153846,13
2020-12-22,-0.0516,7
2020-12-23,0.07543333333333334,3
2020-12-24,-0.0061500000000000036,4
2020-12-28,-0.125,2
2020-12-29,0.04762,5
2020-12-30,0.07024999999999999,6
2021-01-04,-0.028642857142857144,7
2021-01-05,0.058124999999999996,4
2021-01-06,0.11093333333333333,6
2021-01-07,0.09334285714285714,7
2021-01-08,-0.2173,2
2021-01-11,0.1589,3
2021-01-12,0.11315,2
2021-01-13,-0.1473,4
2021-01-14,0.17020000000000002,3
2021-01-15,-0.016557142857142854,7
2021-01-19,0.07461111111111111,9
2021-01-20,-0.036306666666666675,15
2021-01-21,0.02560000000000001,6
2021-01-25,0.11600000000000002,5
2021-01-26,-0.061340000000000006,5
2021-01-27,0.0129,2
2021-01-28,0.0,4
2021-01-29,-0.04197142857142856,7
2021-02-01,0.354325,4
2021-02-02,0.1108625,8
2021-02-03,0.18783333333333332,3
2021-02-04,0.0903,4
2021-02-05,0.08875,6
2021-02-08,0.0,2
2021-02-09,0.12765,4
2021-02-10,0.26335,2
2021-02-11,0.08499999999999999,2
2021-02-12,-0.099275,4
2021-02-16,0.12248,5
2021-02-17,0.052766666666666656,3
2021-02-18,-0.09686,5
2021-02-19,0.0,1
2021-02-22,0.14895,4
2021-02-23,0.0,2
2021-02-24,0.296,1
2021-02-25,-0.07454999999999995,2
2021-02-26,0.038275,4
2021-03-01,0.015212499999999997,8
2021-03-02,0.1997,4
2021-03-03,0.05242499999999999,8
2021-03-04,0.13914999999999997,10
2021-03-05,-0.030559999999999997,5
2021-03-08,0.025099999999999997,4
2021-03-09,0.13135714285714287,7
2021-03-10,-0.16215,4
2021-03-11,-0.11273333333333334,3
2021-03-12,0.12040000000000001,3
2021-03-15,0.0,3
2021-03-16,0.025633333333333327,9
2021-03-17,0.0243,6
2021-03-18,0.10809999999999999,6
2021-03-19,-0.02189999999999999,4
2021-03-22,-0.13221666666666668,6
2021-03-23,0.19190000000000002,8
2021-03-24,0.045457142857142856,7
2021-03-25,0.0,2
2021-03-26,0.2843857142857143,7
2021-03-29,0.33538,5
2021-03-30,0.13553333333333334,9
2021-03-31,0.1129625,8
2021-04-01,0.11707142857142856,7
2021-04-05,-0.3511333333333333,3
2021-04-06,0.17822500000000002,4
2021-04-07,0.0,2
2021-04-08,0.13006666666666666,6
2021-04-09,0.10846,5
2021-04-12,0.0,4
2021-04-13,0.0,4
2021-04-14,0.10115,2
2021-04-15,-0.17,2
2021-04-16,0.30953333333333327,3
2021-04-19,0.002457142857142856,7
2021-04-20,-0.05352499999999999,4
2021-04-21,-0.15495,6
2021-04-22,0.0054,2
2021-04-23,0.16415,4
2021-04-26,0.6369,1
2021-04-27,0.00274285714285715,7
2021-04-28,-0.12422,5
2021-04-29,0.1589,3
2021-04-30,0.11140000000000001,7
2021-05-03,0.22296666666666667,6
2021-05-04,0.07044444444444445,9
2021-05-05,0.09746666666666666,3
2021-05-06,0.09035000000000001,2
2021-05-07,0.06705000000000001,4
2021-05-10,0.008440000000000003,10
2021-05-11,-0.056575,4
2021-05-12,-0.160125,8
2021-05-13,-0.09106666666666667,3
2021-05-14,0.016599999999999993,3
2021-05-17,-0.17184000000000002,5
2021-05-18,0.0,6
2021-05-19,0.5719,1
2021-05-20,-0.08038,5
2021-05-21,-0.20095,2
2021-05-24,-0.017512499999999993,8
2021-05-25,0.0,2
2021-05-26,0.10533999999999999,5
2021-05-27,0.42948000000000003,5
2021-05-28,-0.015333333333333338,6
2021-06-01,0.20461666666666667,6
2021-06-02,0.10686,5
2021-06-03,0.2238,5
2021-06-04,0.01516666666666667,6
2021-06-07,0.070025,8
2021-06-08,0.09795000000000001,4
2021-06-09,0.2607,3
2021-06-10,0.3256333333333334,3
2021-06-11,-0.5209,1
2021-06-14,0.4019,1
2021-06-15,-0.050575,4
2021-06-16,0.09755000000000001,6
2021-06-17,-0.2083,3
2021-06-18,0.0,1
2021-06-21,0.0,6
2021-06-22,0.31845,2
2021-06-23,-0.12040000000000001,3
2021-06-24,0.18783333333333332,3
2021-06-25,0.07039999999999999,5
2021-06-28,0.062139999999999994,10
2021-06-29,0.26788,5
2021-06-30,0.04046,5
2021-07-01,0.07294,5
2021-07-02,0.14264000000000002,5
2021-07-06,0.17770000000000002,2
2021-07-07,0.20934285714285714,7
2021-07-08,0.5362,2
2021-07-09,0.24925000000000003,2
2021-07-12,0.1585,3
2021-07-13,0.00883333333333334,6
2021-07-14,0.0,4
2021-07-15,0.03148333333333333,6
2021-07-16,0.20755,4
2021-07-19,-0.04795714285714286,7
2021-07-20,0.022325000000000005,8
2021-07-21,0.33895,4
2021-07-22,-0.020099999999999993,8
2021-07-23,-0.0127,4
2021-07-26,0.13556,5
2021-07-27,0.2202,2
2021-07-28,-0.4215,2
2021-07-29,-0.06743333333333333,3
2021-07-30,0.0946,4
2021-08-02,0.465775,4
2021-08-03,0.14846666666666666,3
2021-08-04,0.17020000000000002,3
2021-08-05,0.0978,4
2021-08-06,0.34368000000000004,5
2021-08-09,-0.007200000000000012,4
2021-08-10,0.0,1
2021-08-11,-0.044475,4
2021-08-13,-0.02692500000000002,4
2021-08-16,0.20167142857142858,7
2021-08-17,-0.0824625,8
2021-08-18,0.04572500000000001,12
2021-08-19,0.11333333333333334,6
2021-08-20,0.10115,2
2021-08-23,0.0,2
2021-08-24,-0.13472,5
2021-08-25,0.0037600000000000077,5
2021-08-26,-0.10694999999999999,6
2021-08-27,0.18964999999999999,4
2021-08-30,0.16772857142857142,7
2021-08-31,0.17020000000000002,3
2021-09-01,0.054700000000000026,7
2021-09-02,-0.013874999999999998,4
2021-09-03,0.29636,5
2021-09-07,0.0,3
2021-09-08,0.059199999999999996,5
2021-09-09,-0.2194,3
2021-09-10,0.0,1
2021-09-13,0.0,1
2021-09-14,0.18871666666666664,6
2021-09-15,0.0868,11
2021-09-16,-0.11846666666666668,3
2021-09-17,-0.06755,4
2021-09-20,0.0848,8
2021-09-21,-0.10715999999999999,5
2021-09-22,0.08895,2
2021-09-23,0.23225,4
2021-09-24,-0.0041999999999999815,6
2021-09-27,0.03225555555555556,9
2021-09-28,-0.027357142857142858,7
2021-09-29,0.016899999999999984,9
2021-09-30,0.144275,4
2021-10-01,-0.046966666666666664,6
2021-10-04,0.0337625,8
2021-10-05,0.05296666666666667,3
2021-10-06,-0.045940000000000016,5
2021-10-07,0.36564,5
2021-10-08,-0.130575,4
2021-10-11,0.32989999999999997,5
2021-10-12,-0.05464,5
2021-10-13,0.0,4
2021-10-14,0.10065714285714285,7
2021-10-15,0.0,3
2021-10-18,0.24678,5
2021-10-19,0.11717999999999999,5
2021-10-20,0.03947142857142857,7
2021-10-21,0.3118714285714286,7
2021-10-22,-0.0903,4
2021-10-25,0.0,3
2021-10-26,-0.1489,4
2021-10-27,0.1472571428571429,7
2021-10-28,0.021740000000000016,5
2021-10-29,0.12262222222222222,9
2021-11-01,0.12632727272727273,11
2021-11-02,0.12304999999999999,4
2021-11-03,0.14985,4
2021-11-04,0.2878,5
2021-11-05,0.03256,5
2021-11-08,0.028587499999999995,8
2021-11-09,0.04201666666666667,6
2021-11-10,-0.1278375,8
2021-11-11,0.0,3
2021-11-12,0.23201999999999998,5
2021-11-15,-0.13894,5
2021-11-16,-0.04573333333333333,6
2021-11-17,0.0,6
2021-11-18,0.049483333333333344,6
2021-11-19,-0.023645454545454546,11
2021-11-22,0.06408333333333334,12
2021-11-23,0.06342,5
2021-11-24,-0.11148,5
2021-11-26,-0.32985,2
2021-11-29,-0.0822,8
2021-11-30,0.033273333333333335,15
2021-12-01,-0.04064444444444443,9
2021-12-02,0.06826666666666667,9
2021-12-03,0.07605714285714285,7
2021-12-06,0.11747,10
2021-12-07,-0.10868,5
2021-12-08,-0.05309166666666667,12
2021-12-09,0.28613999999999995,5
2021-12-10,0.11368,5
2021-12-13,0.03666250000000001,8
2021-12-14,0.181,5
2021-12-15,0.10115,4
2021-12-16,0.132475,4
2021-12-17,0.22593333333333332,3
2021-12-20,0.05827,10
2021-12-21,0.0,4
2021-12-22,-0.0890111111111111,9
2021-12-23,0.18758750000000002,8
2021-12-27,-0.07859999999999999,5
2021-12-28,0.0595375,8
2021-12-29,0.046264705882352944,17
2021-12-30,0.13455,8
2021-12-31,0.10604374999999999,16
2022-01-03,0.13293846153846156,13
2022-01-04,0.17606666666666668,15
2022-01-05,0.24614285714285716,7
2022-01-06,0.12738,5
2022-01-07,-0.20108333333333336,6
2022-01-10,-0.0025999999999999973,9
2022-01-11,-0.07805714285714285,7
2022-01-12,0.08614285714285715,7
2022-01-13,0.08223333333333334,6
2022-01-14,0.1482375,8
2022-01-18,0.20987142857142857,7
2022-01-19,0.15321249999999997,8
2022-01-20,-0.016,8
2022-01-21,-0.10013076923076923,13
2022-01-24,-0.14054583333333334,24
2022-01-25,-0.06395,8
2022-01-26,0.0499090909090909,11
2022-01-27,0.27276,5
2022-01-28,-0.07118571428571428,7
2022-01-31,-0.00420909090909091,11
2022-02-01,-0.12436,5
2022-02-02,0.00841249999999999,8
2022-02-03,0.13762000000000002,10
2022-02-04,0.183375,8
2022-02-07,-0.08210833333333334,12
2022-02-08,0.0888,11
2022-02-09,0.14447000000000002,10
2022-02-10,0.23272857142857142,7
2022-02-11,0.17387,10
2022-02-14,0.004962499999999995,8
2022-02-15,-0.0066428571428571405,7
2022-02-16,-0.11333333333333334,3
2022-02-17,0.12190000000000001,3
2022-02-18,0.011483333333333345,6
2022-02-22,-0.225225,12
2022-02-23,-0.0404,17
2022-02-24,-0.1586076923076923,13
2022-02-25,0.13006666666666666,6
2022-02-28,-0.27008333333333334,6
2022-03-01,0.005350000000000001,8
2022-03-02,-0.06414285714285715,7
2022-03-03,0.08362,5
2022-03-04,-0.10704444444444444,9
2022-03-07,-0.06606250000000001,8
2022-03-08,0.0,2
2022-03-09,-0.1882857142857143,7
2022-03-10,-0.029920000000000002,5
2022-03-11,0.1754,9
2022-03-14,-0.11962500000000002,12
2022-03-15,0.0020000000000000018,6
2022-03-16,0.08998333333333335,12
2022-03-17,-0.054333333333333324,6
2022-03-18,0.09366666666666666,6
2022-03-21,0.26683,10
2022-03-22,0.055,4
2022-03-23,-0.004944444444444449,9
2022-03-24,0.005699999999999997,8
2022-03-25,-0.07189999999999999,5
2022-03-28,-0.026350000000000002,10
2022-03-29,0.2588333333333333,6
2022-03-30,-0.10056666666666665,6
2022-03-31,-0.07858571428571427,7
2022-04-01,0.07804,10
2022-04-04,0.38524545454545456,11
2022-04-05,-0.016366666666666658,6
2022-04-06,0.09888749999999999,8
2022-04-07,0.19835714285714287,7
2022-04-08,0.22281666666666666,6
2022-04-11,0.22108333333333333,6
2022-04-12,0.21476,5
2022-04-13,0.042809999999999994,10
2022-04-14,0.15727,10
2022-04-18,-0.006357142857142854,7
2022-04-19,-0.11819999999999999,7
2022-04-20,-0.005937500000000002,8
2022-04-21,-0.33682500000000004,4
2022-04-22,-0.1909857142857143,7
2022-04-25,0.08248333333333333,6
2022-04-26,0.03792500000000001,8
2022-04-27,-0.04688,10
2022-04-28,0.0030000000000000027,4
2022-04-29,-0.3585,16
2022-05-02,0.000300000000000004,9
2022-05-03,0.0,6
2022-05-04,-0.063025,8
2022-05-05,0.05152307692307692,13
2022-05-06,-0.092875,8
2022-05-09,-0.08447777777777778,18
2022-05-10,-0.0484375,16
2022-05-11,-0.03899999999999999,17
2022-05-12,0.06397272727272728,11
2022-05-13,-0.026033333333333335,12
2022-05-16,-0.1435153846153846,13
2022-05-17,0.0645,6
2022-05-18,-0.048805,20
2022-05-19,-0.170255,20
2022-05-20,-0.03573684210526316,19
2022-05-23,0.043292307692307706,13
2022-05-24,0.0970230769230769,13
2022-05-25,0.11396000000000002,10
2022-05-26,0.05043333333333332,9
2022-05-27,-0.23679999999999998,10
2022-05-31,0.22449999999999998,7
2022-06-01,0.053228571428571424,7
2022-06-02,-0.08631666666666667,6
2022-06-03,-0.013612499999999993,8
2022-06-06,0.21177142857142855,7
2022-06-07,-0.11768571428571428,7
2022-06-08,0.128675,8
2022-06-09,0.04074999999999999,12
2022-06-10,0.024111111111111114,9
2022-06-13,-0.09701764705882353,34
2022-06-14,-0.06338095238095237,21
2022-06-15,0.1277125,8
2022-06-16,-0.1285,10
2022-06-17,0.07452727272727273,11
2022-06-21,0.0,6
2022-06-22,-0.09691666666666666,6
2022-06-23,0.03994285714285715,7
2022-06-24,0.13933076923076923,13
2022-06-27,0.010200000000000004,10
2022-06-28,0.11915384615384617,13
2022-06-29,-0.035283333333333326,12
2022-06-30,-0.22891666666666666,18
2022-07-01,-0.3667833333333333,12
2022-07-05,0.01889090909090909,11
2022-07-06,0.27545000000000003,6
2022-07-07,0.2892,4
2022-07-08,-0.05194000000000001,5
2022-07-11,-0.0027714285714285835,7
2022-07-12,0.054266666666666664,3
2022-07-13,-0.005942857142857137,7
2022-07-14,-0.14151666666666665,6
2022-07-15,-0.25314,5
2022-07-18,0.05392727272727273,11
2022-07-19,0.08560000000000001,6
2022-07-20,0.0086,3
2022-07-21,0.02352222222222223,9
2022-07-22,0.28641428571428573,7
2022-07-25,0.24471428571428572,7
2022-07-26,0.0,2
2022-07-27,0.23349999999999999,5
2022-07-28,0.243875,4
2022-07-29,0.16438333333333335,6
2022-08-01,0.10831818181818181,11
2022-08-02,-0.13971666666666668,6
2022-08-03,-0.0949,6
2022-08-04,0.06707777777777776,9
2022-08-05,0.2294,2
2022-08-08,0.11264444444444442,9
2022-08-09,0.0,2
2022-08-10,0.02721,10
2022-08-11,0.09438333333333333,6
2022-08-12,0.28829000000000005,10
2022-08-15,0.19136666666666666,9
2022-08-16,0.366025,4
2022-08-17,0.09461111111111112,9
2022-08-18,0.038650000000000004,10
2022-08-19,-0.08086666666666668,6
2022-08-22,0.0533,8
2022-08-23,0.19740000000000002,3
2022-08-24,0.18784,5
2022-08-25,0.0,3
2022-08-26,0.032162500000000004,8
2022-08-29,-0.063975,8
2022-08-30,0.050575,8
2022-08-31,-0.10450714285714287,14
2022-09-01,-0.07318125,16
2022-09-02,-0.08151250000000002,8
2022-09-06,0.2950875,8
2022-09-07,0.08533333333333333,6
2022-09-08,0.21696666666666667,6
2022-09-09,0.2528625,8
2022-09-12,0.17956363636363637,11
2022-09-13,-0.10745,14
2022-09-14,-0.07574545454545455,11
2022-09-15,-0.04293,10
2022-09-16,0.016600000000000004,11
2022-09-19,-0.13153,10
2022-09-20,-0.1978285714285714,7
2022-09-21,-0.06579,10
2022-09-22,0.17928571428571427,7
2022-09-23,-0.18987857142857142,14
2022-09-26,-0.04871818181818182,11
2022-09-27,-0.08598571428571429,14
2022-09-28,0.1039,7
2022-09-29,-0.15029333333333333,15
2022-09-30,-0.13730666666666666,15
2022-10-03,0.05346428571428572,14
2022-10-04,0.22599333333333335,15
2022-10-05,0.14683333333333334,9
2022-10-06,0.00411999999999999,5
2022-10-07,-0.09144444444444444,9
2022-10-10,0.0,5
2022-10-11,-0.3850166666666666,6
2022-10-12,-0.00683076923076923,13
2022-10-13,0.14974166666666666,12
2022-10-14,0.19947692307692308,13
2022-10-17,0.12454666666666667,15
2022-10-18,-0.15843000000000002,10
2022-10-19,0.028975000000000004,12
2022-10-20,-0.06364,5
2022-10-21,0.08585833333333333,12
2022-10-24,0.16575714285714285,7
2022-10-25,0.1116111111111111,9
2022-10-26,0.08396666666666668,6
2022-10-27,-0.02859999999999999,7
2022-10-28,0.027200000000000012,10
2022-10-31,0.08996666666666668,9
2022-11-01,0.06554285714285714,7
2022-11-02,-0.03491428571428571,7
2022-11-03,-0.06144444444444444,9
2022-11-04,0.13703333333333334,6
2022-11-07,-0.10142857142857142,14
2022-11-08,0.1875125,8
2022-11-09,0.12626428571428572,14
2022-11-10,0.0259625,16
2022-11-11,0.2678833333333333,6
2022-11-14,0.10922500000000002,8
2022-11-15,0.05598000000000001,10
2022-11-16,0.036614285714285724,7
2022-11-17,-0.10953333333333333,6
2022-11-18,0.10889999999999997,4
2022-11-21,0.03935833333333333,12
2022-11-22,0.11355454545454546,11
2022-11-23,0.017830000000000006,10
2022-11-25,0.0369,5
2022-11-28,0.011363636363636364,11
2022-11-29,-0.0077500000000000025,14
2022-11-30,0.02392857142857143,14
2022-12-01,0.04409333333333333,15
2022-12-02,0.019466666666666674,6
2022-12-05,-0.14684444444444444,9
2022-12-06,0.007500000000000019,9
2022-12-07,-0.2729857142857143,7
2022-12-08,0.031214285714285733,7
2022-12-09,0.05666,10
2022-12-12,-0.028115384615384615,13
2022-12-13,0.06884736842105263,19
2022-12-14,0.2893111111111111,9
2022-12-15,0.010390909090909083,11
2022-12-16,-0.3012222222222222,9
2022-12-19,-0.002828571428571434,14
2022-12-20,0.1297636363636364,11
2022-12-21,-0.060581818181818174,11
2022-12-22,0.18775999999999998,10
2022-12-23,-0.1999111111111111,9
2022-12-27,-0.13943333333333333,15
2022-12-28,0.10479411764705882,17
2022-12-29,0.03859166666666667,12
2022-12-30,-0.23545263157894739,19
2023-01-03,0.034426315789473694,19
2023-01-04,-0.044475,16
2023-01-05,-0.021127272727272724,11
2023-01-06,0.11917368421052632,19
2023-01-09,0.041395,20
2023-01-10,0.11652777777777779,18
2023-01-11,0.2453090909090909,11
2023-01-12,0.019437500000000003,8
2023-01-13,0.08737857142857143,14
2023-01-17,-0.05055333333333333,15
2023-01-18,-0.22373333333333334,6
2023-01-19,-0.16221818181818182,11
2023-01-20,0.1634923076923077,13
2023-01-23,-0.040195238095238096,21
2023-01-24,-0.033859999999999994,25
2023-01-25,-0.06042,15
2023-01-26,0.2119,16
2023-01-27,-0.053093749999999995,16
2023-01-30,0.12470769230769231,13
2023-01-31,0.14359999999999998,16
2023-02-01,0.1781095238095238,21
2023-02-02,0.08320000000000001,17
2023-02-03,0.23243,10
2023-02-06,0.01703684210526316,19
2023-02-07,0.17023333333333335,15
2023-02-08,-0.027128571428571426,14
2023-02-09,0.062107692307692315,13
2023-02-10,-0.039028571428571426,7
2023-02-13,0.08426842105263158,19
2023-02-14,0.10092727272727271,11
2023-02-15,0.12258,15
2023-02-16,0.05792727272727272,22
2023-02-17,0.09338823529411766,17
2023-02-21,-0.140992,25
2023-02-22,-0.014299999999999998,20
2023-02-23,0.05563846153846154,13
2023-02-24,-0.05869,20
2023-02-27,-0.10844999999999999,12
2023-02-28,-0.10343571428571428,14
2023-03-01,-0.029666666666666668,21
2023-03-02,0.16676470588235293,17
2023-03-03,0.08337222222222222,18
2023-03-06,0.13467857142857143,28
2023-03-07,0.044575000000000004,24
2023-03-08,0.04189285714285714,14
2023-03-09,-0.00895599999999999,25
2023-03-10,-0.27957647058823526,17
2023-03-13,-0.1402142857142857,21
2023-03-14,-0.02849411764705882,17
2023-03-15,-0.07874999999999999,24
2023-03-16,-0.020057142857142853,14
2023-03-17,-0.01079130434782608,23
2023-03-20,-0.13617894736842107,19
2023-03-21,-0.07427999999999998,15
2023-03-22,0.054008695652173914,23
2023-03-23,0.05594999999999999,16
2023-03-24,0.01424615384615384,13
2023-03-27,0.028374999999999997,12
2023-03-28,0.02911818181818182,11
2023-03-29,0.008876470588235296,17
2023-03-30,0.09507777777777777,18
2023-03-31,0.1289846153846154,26
2023-04-03,0.13094642857142857,28
2023-04-04,-0.12316521739130434,23
2023-04-05,-0.009179999999999997,25
2023-04-06,-0.06539473684210526,19
2023-04-10,0.06122999999999999,20
2023-04-11,0.13127333333333333,15
2023-04-12,0.02629090909090909,11
2023-04-13,-0.15337058823529415,17
2023-04-14,-0.11711,20
2023-04-17,0.06766818181818181,22
2023-04-18,0.07463913043478261,23
2023-04-19,0.1022076923076923,26
2023-04-20,-0.04417,10
2023-05-01,-0.012966666666666663,21
2023-05-02,0.10045625,16
2023-05-03,-0.1473375,16
2023-05-04,-0.18556923076923076,13
2023-05-05,-0.04668888888888889,18
2023-05-08,0.06550526315789475,19
2023-05-09,-0.07067777777777778,18
2023-05-10,0.1355375,16
2023-05-11,-0.04676,20
2023-05-12,0.016291666666666666,24
2023-05-15,0.023771428571428565,21
2023-05-16,0.13374285714285714,14
2023-05-17,0.11002631578947368,19
2023-05-18,0.21512272727272724,22
2023-05-19,0.036399999999999995,22
2023-05-22,-0.02332903225806452,31
2023-05-23,-0.1201875,16
2023-05-24,-0.028044444444444445,9
2023-05-25,-0.05958125,16
2023-05-26,0.03736470588235294,17
2023-05-30,0.06765769230769231,26
2023-05-31,-0.10987692307692308,26
2023-06-01,0.032578947368421055,19
2023-06-02,0.13958148148148147,27
2023-06-05,-0.039968421052631584,19
2023-06-06,-0.06228181818181819,11
2023-06-07,0.012376923076923075,13
2023-06-08,0.005262500000000003,16
2023-06-09,0.18259375,16
2023-06-12,0.08832727272727273,22
2023-06-13,0.007895833333333338,24
2023-06-14,0.054672,25
2023-06-15,0.1489826086956522,23
2023-06-16,0.08624705882352941,34
2023-06-20,-0.014923529411764705,17
2023-06-21,0.036463999999999996,25
2023-06-22,-0.14154615384615382,13
2023-06-23,0.016382608695652178,23
2023-06-26,0.011127272727272722,22
2023-06-27,-0.04297647058823529,17
2023-06-28,0.10446363636363634,22
2023-06-29,-0.07186428571428571,14
2023-06-30,0.16087,20
2023-07-03,0.05694545454545455,11
2023-07-05,0.0005192307692307761,26
2023-07-06,-0.011595833333333328,24
2023-07-07,0.06881739130434783,23
2023-07-10,0.06982352941176471,17
2023-07-11,0.07007333333333333,15
2023-07-12,-0.011575000000000002,16
2023-07-13,0.11044999999999999,18
2023-07-14,0.12297272727272728,11
2023-07-17,0.0455,35
2023-07-18,0.09879545454545453,22
2023-07-19,-0.022683333333333337,18
2023-07-20,0.03791851851851852,27
2023-07-21,0.013654999999999995,20
2023-07-24,-0.003222222222222221,27
2023-07-25,0.027029411764705885,17
2023-07-26,0.08391904761904762,21
2023-07-27,0.05809444444444445,18
2023-07-28,0.18944545454545453,22
2023-07-31,0.2038263157894737,19
2023-08-01,0.0774,26
2023-08-02,-0.02695000000000001,22
2023-08-03,-0.1351375,16
2023-08-04,-0.074995,20
2023-08-07,0.08371600000000001,25
2023-08-08,-0.009352000000000001,25
2023-08-09,-0.00684137931034483,29
2023-08-10,0.200775,16
2023-08-11,0.08929166666666667,12
2023-08-14,-0.011805555555555548,18
2023-08-15,0.0714421052631579,19
2023-08-16,0.059257142857142855,14
2023-08-17,0.030678571428571437,14
2023-08-18,-0.21148125,16
2023-08-21,0.09200357142857143,28
2023-08-22,-0.022929629629629626,27
2023-08-23,0.12103684210526316,19
2023-08-24,-0.0070884615384615435,26
2023-08-25,-0.028359090909090903,22
2023-08-28,0.01578571428571428,21
2023-08-29,0.30351999999999996,10
2023-08-30,0.10489583333333334,24
2023-08-31,0.09881176470588235,17
2023-09-01,0.15008,25
2023-09-05,0.044277777777777784,27
2023-09-06,-0.018726086956521736,23
2023-09-07,-0.14999,20
2023-09-08,-0.16487619047619045,21
2023-09-11,0.034706249999999994,16
2023-09-12,0.016330303030303035,33
2023-09-13,0.10861363636363636,22
2023-09-14,-0.035105555555555557,18
2023-09-15,-0.07484166666666665,24
2023-09-18,-0.005907142857142853,14
2023-09-19,0.01194,15
2023-09-20,0.02490952380952381,21
2023-09-21,-0.10838461538461538,13
2023-09-22,-0.1155764705882353,17
2023-09-25,-0.04084,15
2023-09-26,0.04214,5
2023-09-27,-0.029021428571428587,14
2023-09-28,0.10898461538461537,13
2023-09-29,-0.16972903225806452,31
2023-10-02,0.13787083333333333,24
2023-10-03,-0.031044827586206893,29
2023-10-04,-0.041755555555555546,18
2023-10-05,-0.12091666666666667,12
2023-10-06,0.07862857142857142,21
2023-10-09,-0.2600190476190476,21
2023-10-10,0.076875,20
2023-10-11,-0.0012500000000000022,24
2023-10-12,0.12764666666666666,15
2023-10-13,0.09603181818181819,22
2023-10-16,0.05713030303030303,33
2023-10-17,0.09048571428571428,21
2023-10-18,0.05472173913043478,23
2023-10-19,0.10729999999999999,23
2023-10-20,-0.09911071428571427,28
2023-10-23,-0.002188888888888885,18
2023-10-24,0.009374999999999991,16
2023-10-25,-0.04539285714285714,14
2023-10-26,-0.10390526315789474,19
2023-10-27,-0.058461904761904764,21
2023-10-30,0.1658058823529412,34
2023-10-31,0.001340000000000005,20
2023-11-01,0.09417142857142857,21
2023-11-02,0.15730588235294118,17
2023-11-03,0.29041538461538463,13
2023-11-06,0.05727600000000001,25
2023-11-07,0.16824583333333332,24
2023-11-08,0.35470416666666665,24
2023-11-09,0.27816315789473683,19
2023-11-10,0.31015333333333334,15
2023-11-13,0.02014347826086956,23
2023-11-14,0.23144285714285717,21
2023-11-15,0.29765,18
2023-11-16,0.12602105263157895,19
2023-11-17,0.059576190476190484,21
2023-11-20,0.13528846153846155,26
2023-11-21,0.15596666666666667,27
2023-11-22,0.19063684210526316,38
2023-11-24,0.051625000000000004,16
2023-11-27,0.10210909090909091,22
2023-11-28,0.05692857142857143,14
2023-11-29,-0.017500000000000005,15
2023-11-30,0.0907,15
2023-12-01,0.14043999999999998,20
2023-12-04,0.18501333333333334,30
2023-12-05,-0.059333333333333335,27
2023-12-06,0.08752777777777777,18
2023-12-07,0.100672,25
2023-12-08,0.14786000000000002,20
2023-12-11,0.07815384615384616,39
2023-12-12,0.027941176470588237,17
2023-12-13,0.060439130434782606,23
2023-12-14,0.06434999999999999,18
2023-12-15,0.21231499999999998,20
2023-12-18,0.12119523809523808,21
2023-12-19,0.10906874999999999,16
2023-12-20,-0.182325,16
2023-12-21,-0.0435875,24
2023-12-22,0.24471874999999998,16
2023-12-26,0.11381904761904763,21
2023-12-27,0.06913,20
2023-12-28,0.09536363636363637,22
2023-12-29,0.176752,25
